Collector,IP Address,Device Ip Numeric,Network View,Device Name,Type,Vendor,Model,Device Assurance,Site (Devices),Supervisor (Devices),IsInactive (Devices),IsForTesting (Devices)
phx-netmri-1,10.9.0.11,168361995,Salesforce_IT,sfo3-axs-11,Switch-Router,Cisco,cat4510rpluse,99,,VS-S720-10G,,
phx-netmri-1,10.9.0.253,168362237,Salesforce_IT,sfo3-dst-a,Switch-Router,Cisco,C9500-24Q,99,,VS-SUP2T-10G,,
phx-netmri-1,10.9.0.28,168362012,Salesforce_IT,sfo3-axs-28,Switch-Router,Cisco,Cat9410R,99,,VS-S720-10G,,
phx-netmri-1,10.9.0.29,168362013,Salesforce_IT,sfo3-axs-29,Switch-Router,Cisco,Cat9410R,99,,VS-S720-10G,,
phx-netmri-1,10.9.0.30,168362014,Salesforce_IT,sfo3-axs-30,Switch-Router,Cisco,Cat9410R,99,,VS-S720-10G,,
phx-netmri-1,10.9.0.32,168362016,Salesforce_IT,sfo3-axs-32,Switch-Router,Cisco,Cat9410R,99,,VS-S720-10G,,
phx-netmri-1,10.9.0.33,168362017,Salesforce_IT,sfo3-axs-33,Switch-Router,Cisco,Cat9410R,99,,VS-S720-10G,,
phx-netmri-1,10.9.0.34,168362018,Salesforce_IT,sfo3-axs-34,Switch-Router,Cisco,Cat9410R,99,,VS-S720-10G,,
phx-netmri-1,10.9.0.27,168362011,Salesforce_IT,sfo3-axs-27,Switch-Router,Cisco,Cat9410R,99,,VS-S720-10G,,
phx-netmri-1,10.9.0.4,168361988,Salesforce_IT,sfo3-axs-4,Switch-Router,Cisco,Cat9410R,99,,VS-S720-10G,,
phx-netmri-1,10.9.0.3,168361987,Salesforce_IT,sfo3-axs-3,Switch-Router,Cisco,Cat9410R,99,,VS-S720-10G,,
phx-netmri-1,10.9.0.5,168361989,Salesforce_IT,sfo3-axs-5,Switch-Router,Cisco,Cat9410R,99,,VS-S720-10G,,
phx-netmri-1,10.9.0.6,168361990,Salesforce_IT,sfo3-axs-6,Switch-Router,Cisco,Cat9410R,99,,VS-S720-10G,,
phx-netmri-1,10.9.0.7,168361991,Salesforce_IT,sfo3-axs-7,Switch-Router,Cisco,Cat9410R,99,,VS-S720-10G,,
phx-netmri-1,10.9.0.12,168361996,Salesforce_IT,sfo3-axs-12,Switch-Router,Cisco,Cat9410R,99,,VS-S720-10G,,
phx-netmri-1,10.85.0.244,173342964,Salesforce_IT,tor1-axs-3,Switch-Router,Cisco,Cat9410R,99,,WS-SUP32-GE-3B,,
phx-netmri-1,10.85.0.247,173342967,Salesforce_IT,tor1-axs-4,Switch-Router,Cisco,Cat9410R,99,,WS-SUP32-GE-3B,,
phx-netmri-1,10.85.0.246,173342966,Salesforce_IT,tor1-axs-5,Switch-Router,Cisco,Cat9410R,99,,WS-SUP32-GE-3B,,
phx-netmri-1,10.85.0.243,173342963,Salesforce_IT,tor1-axs-6,Switch-Router,Cisco,Cat9410R,99,,WS-SUP32-GE-3B,,
phx-netmri-1,10.128.0.248,176161016,Salesforce_IT,dub-axs-a,Switch-Router,Cisco,cat4510rpluse,99,,WS-X45-SUP8-E,,
phx-netmri-1,10.128.100.2,176186370,Salesforce_IT,dub-axs-b,Switch,Cisco,WS-C3850-12X48U-S,99,,,,
phx-netmri-1,10.128.0.247,176161015,Salesforce_IT,dub-axs-0,Switch-Router,Cisco,cat4510rpluse,99,,VS-S720-10G,,
phx-netmri-1,10.128.0.244,176161012,Salesforce_IT,dub-axs-1,Switch-Router,Cisco,cat4510rpluse,99,,WS-X45-SUP8-E,,
phx-netmri-1,10.128.0.243,176161011,Salesforce_IT,dub-axs-1b,Switch-Router,Cisco,cat4510rpluse,99,,WS-SUP32-GE-3B,,
phx-netmri-1,10.128.0.253,176161021,Salesforce_IT,dub-dst-a,Switch-Router,Cisco,C9500-40X,99,,WS-SUP720-3B,,
phx-netmri-1,10.128.0.255,176161023,Salesforce_IT,dub-ts,Router,Cisco,ISR4321,99,,,,
phx-netmri-1,10.136.0.254,176685310,Salesforce_IT,par1-dst-a,Switch-Router,Cisco,C9500-40X,99,,VS-SUP2T-10G,,
phx-netmri-1,10.136.0.240,176685296,Salesforce_IT,par1-axs-0,Switch-Router,Cisco,Cat9410R,99,,WS-X45-SUP8-E,,
phx-netmri-1,10.136.0.244,176685300,Salesforce_IT,par1-axs-4,Switch-Router,Cisco,Cat9410R,99,,WS-X45-SUP8-E,,
phx-netmri-1,10.136.0.245,176685301,Salesforce_IT,par1-axs-5,Switch-Router,Cisco,Cat9410R,99,,WS-X45-SUP8-E,,
phx-netmri-1,10.136.0.255,176685311,Salesforce_IT,par1-ts,Router,Cisco,ISR4331,99,,,,
phx-netmri-1,10.126.64.253,176046333,Salesforce_IT,pdx-dst-a,Switch-Router,Cisco,C9500-40X,99,,VS-SUP2T-10G,,
phx-netmri-1,10.126.64.255,176046335,Salesforce_IT,pdx-ts,Router,Cisco,ISR4321,99,,,,
phx-netmri-1,10.126.64.1,176046081,Salesforce_IT,pdx-axs-1,Switch-Router,Cisco,Cat9410R,99,,VS-S720-10G,,
phx-netmri-1,10.126.64.4,176046084,Salesforce_IT,pdx-axs-4,Switch-Router,Cisco,Cat9410R,99,,VS-S720-10G,,
phx-netmri-1,10.134.0.253,176554237,Salesforce_IT,lon2-dst-a,Switch-Router,Cisco,C9500-40X,99,,VS-SUP2T-10G,,
phx-netmri-1,10.134.0.4,176553988,Salesforce_IT,lon2-axs-26,Switch-Router,Cisco,Cat9410R,99,,VS-S720-10G,,
phx-netmri-1,10.134.0.255,176554239,Salesforce_IT,lon2-ts,Router,Cisco,ISR4321,99,,,,
phx-netmri-1,10.134.0.5,176553989,Salesforce_IT,lon2-axs-27,Switch-Router,Cisco,Cat9410R,99,,WS-X45-SUP8-E,,
phx-netmri-1,10.194.64.253,180502781,Salesforce_IT,mel1-cdst-a,Switch-Router,Cisco,Cat9410R,99,,VS-SUP2T-10G,,
phx-netmri-1,10.194.64.255,180502783,Salesforce_IT,mel1-ts,Router,Cisco,ISR4321,99,,,,
phx-netmri-1,10.71.32.253,172433661,Salesforce_IT,bos1-cdst-a,Switch-Router,Cisco,C9500-40X,99,,VS-SUP2T-10G,,
phx-netmri-1,10.71.32.255,172433663,Salesforce_IT,bos1-ts,Router,Cisco,ISR4321,99,,,,
phx-netmri-1,10.50.0.255,171049215,Salesforce_IT,sjc2-ts,Router,Cisco,2901,99,,,,
phx-netmri-1,10.134.0.28,176554012,Salesforce_IT,lon2-axs-28,Switch-Router,Cisco,Cat9410R,99,,WS-X45-SUP8-E,,
phx-netmri-1,10.136.0.239,176685295,Salesforce_IT,par1-axs-b,Switch-Router,Cisco,Cat9410R,99,,WS-X45-SUP8-E,,
phx-netmri-1,10.136.0.243,176685299,Salesforce_IT,par1-axs-3,Switch-Router,Cisco,Cat9410R,99,,WS-X45-SUP8-E,,
phx-netmri-1,10.136.0.242,176685298,Salesforce_IT,par1-axs-2,Switch-Router,Cisco,Cat9410R,99,,WS-X45-SUP8-E,,
phx-netmri-1,10.136.0.241,176685297,Salesforce_IT,par1-axs-1,Switch-Router,Cisco,Cat9410R,99,,WS-X45-SUP8-E,,
phx-netmri-1,10.9.0.1,168361985,Salesforce_IT,sfo3-axs-1,Switch-Router,Cisco,WS-C3850-48U-E,99,,,,
phx-netmri-1,10.134.0.29,176554013,Salesforce_IT,lon2-axs-29,Switch-Router,Cisco,Cat9410R,99,,WS-X45-SUP8-E,,
phx-netmri-1,10.10.128.2,168460290,Salesforce_IT,gsoc-cdst-a,Switch-Router,Cisco,C9300-48UXM,99,,,,
phx-netmri-1,10.85.0.155,173342875,Salesforce_IT,tor1-ts,Router,Cisco,ISR4321,99,,,,
phx-netmri-1,10.85.0.153,173342873,Salesforce_IT,tor1-dst-a,Switch-Router,Cisco,C9500-40X,99,,,,True
phx-netmri-1,10.85.0.7,173342727,Salesforce_IT,tor1-axs-7,Switch-Router,Cisco,Cat9410R,99,,WS-X45-SUP8-E,,
phx-netmri-1,10.85.5.11,173344011,Salesforce_IT,tor1-wlc-a,Router,Cisco,C9800LFK9,99,,,,
phx-netmri-1,10.150.95.253,177627133,Salesforce_IT,cmn1-cdst-a,Switch-Router,Cisco,Cat9410R,99,,WS-X45-SUP8-E,,
phx-netmri-1,10.150.95.249,177627129,Salesforce_IT,cmn1-vgr-a,Router,Cisco,ISR4431,99,,,,
phx-netmri-1,10.150.95.250,177627130,Salesforce_IT,cmn1-vgr-b,Router,Cisco,ISR4431,99,,,,
phx-netmri-1,10.150.95.255,177627135,Salesforce_IT,cmn1-ts,Router,Cisco,ISR4321,99,,,,
phx-netmri-1,10.134.0.30,176554014,Salesforce_IT,lon2-axs-30,Switch-Router,Cisco,Cat9410R,99,,WS-X45-SUP8-E,,
phx-netmri-1,10.134.0.31,176554015,Salesforce_IT,lon2-axs-31,Switch-Router,Cisco,Cat9410R,99,,WS-X45-SUP8-E,,
phx-netmri-1,10.136.32.253,176693501,Salesforce_IT,ams1-cdst-a,Switch-Router,Cisco,Cat9410R,99,,WS-X45-SUP8-E,,
phx-netmri-1,10.136.32.250,176693498,Salesforce_IT,ams1-axs-9,Switch-Router,Cisco,Cat9410R,99,,WS-X45-SUP8-E,,
phx-netmri-1,10.136.32.255,176693503,Salesforce_IT,ams1-ts,Router,Cisco,ISR4321,99,,,,
phx-netmri-1,10.150.96.253,177627389,Salesforce_IT,txl1-cdst-a,Switch-Router,Cisco,Cat9410R,99,,WS-X45-SUP8-E,,True
phx-netmri-1,10.150.96.250,177627386,Salesforce_IT,txl1-axs-1,Switch,Cisco,C9300-48UXM,99,,,,True
phx-netmri-1,10.150.96.255,177627391,Salesforce_IT,txl1-ts,Router,Cisco,ISR4321,99,,,,
phx-netmri-1,10.204.128.255,181174527,Salesforce_IT,hyd1-ts,Router,Cisco,ISR4331,99,,,,
phx-netmri-1,10.204.128.249,181174521,Salesforce_IT,hyd1-sbc-a,Router,Cisco,ISR4431,99,,,,
phx-netmri-1,10.204.128.250,181174522,Salesforce_IT,hyd1-sbc-b,Router,Cisco,ISR4431,99,,,,
phx-netmri-1,10.204.128.253,181174525,Salesforce_IT,hyd1-dst-a,Switch-Router,Cisco,C9500-24Q,99,,,,
phx-netmri-1,10.204.128.151,181174423,Salesforce_IT,hyd1-axs-15a,Switch-Router,Cisco,Cat9410R,99,,,,
phx-netmri-1,10.204.128.152,181174424,Salesforce_IT,hyd1-axs-15b,Switch-Router,Cisco,Cat9410R,99,,,,
phx-netmri-1,10.204.128.153,181174425,Salesforce_IT,hyd1-axs-15c,Switch-Router,Cisco,Cat9410R,99,,,,
phx-netmri-1,10.204.128.141,181174413,Salesforce_IT,hyd1-axs-14a,Switch-Router,Cisco,Cat9410R,99,,,,
phx-netmri-1,10.204.128.142,181174414,Salesforce_IT,hyd1-axs-14b,Switch-Router,Cisco,WS-C3850-12X48U-S,99,,,,
phx-netmri-1,10.204.128.143,181174415,Salesforce_IT,hyd1-axs-14c,Switch-Router,Cisco,Cat9410R,99,,,,
phx-netmri-1,10.204.128.144,181174416,Salesforce_IT,hyd1-axs-14d,Switch-Router,Cisco,Cat9410R,99,,,,
phx-netmri-1,10.9.0.42,168362026,Salesforce_IT,sfo3-axs-42,Switch-Router,Cisco,C9300-48UXM,99,,,,
phx-netmri-1,10.91.0.253,173736189,Salesforce_IT,nyc3-dst-a,Switch-Router,Cisco,C9500-40X,99,,,,
phx-netmri-1,10.91.5.11,173737227,Salesforce_IT,nyc3-wlc-a,Router,Cisco,C980040K9,99,,,,
phx-netmri-1,10.91.0.17,173735953,Salesforce_IT,nyc3-axs-17,Switch-Router,Cisco,Cat9410R,99,,,,
phx-netmri-1,10.91.0.255,173736191,Salesforce_IT,nyc3-ts,Router,Cisco,ISR4321,99,,,,
phx-netmri-1,10.18.0.255,168952063,Salesforce_IT,sea1-ts,Router,Cisco,ISR4321,99,,,,
phx-netmri-1,10.18.0.16,168951824,Salesforce_IT,sea1-axs-16,Switch-Router,Cisco,Cat9410R,99,,,,
phx-netmri-1,10.18.0.17,168951825,Salesforce_IT,sea1-axs-17,Switch-Router,Cisco,Cat9410R,99,,,,
phx-netmri-1,10.18.0.18,168951826,Salesforce_IT,sea1-axs-18,Switch-Router,Cisco,Cat9410R,99,,,,
phx-netmri-1,10.18.0.19,168951827,Salesforce_IT,sea1-axs-19,Switch-Router,Cisco,Cat9410R,99,,,,
phx-netmri-1,10.18.0.171,168951979,Salesforce_IT,sea1-axs-16-17,Switch-Router,Cisco,C9300-48UXM,99,,,,
phx-netmri-1,10.18.0.191,168951999,Salesforce_IT,sea1-axs-18-19,Switch-Router,Cisco,C9300-48UXM,99,,,,
phx-netmri-1,10.18.0.253,168952061,Salesforce_IT,sea1-dst-a,Switch-Router,Cisco,C9500-40X,99,,,,
phx-netmri-1,10.136.64.100,176701540,Salesforce_IT,muc2-axs-0,Switch-Router,Cisco,C9300-48UXM,99,,,,
phx-netmri-1,10.136.64.6,176701446,Salesforce_IT,muc2-axs-6-7,Switch-Router,Cisco,Cat9410R,99,,,,
phx-netmri-1,10.136.64.8,176701448,Salesforce_IT,muc2-axs-8-9,Switch-Router,Cisco,Cat9410R,99,,,,
phx-netmri-1,10.136.64.10,176701450,Salesforce_IT,muc2-axs-10-11,Switch-Router,Cisco,Cat9410R,99,,,,
phx-netmri-1,10.136.64.253,176701693,Salesforce_IT,muc2-dst-a,Switch-Router,Cisco,C9500-40X,99,,,,
phx-netmri-1,10.136.64.255,176701695,Salesforce_IT,muc2-ts,Router,Cisco,ISR4321,99,,,,
phx-netmri-1,10.9.0.23,168362007,Salesforce_IT,sfo3-axs-23,Switch-Router,Cisco,Cat9410R,99,,,,
phx-netmri-1,10.204.128.154,181174426,Salesforce_IT,hyd1-axs-devlab,Switch-Router,Cisco,cat4510rpluse,99,,,,
phx-netmri-1,10.30.0.253,169738493,Salesforce_IT,ind4-dst-a,Switch-Router,Cisco,C9500-24Q,99,,,,
phx-netmri-1,10.30.0.255,169738495,Salesforce_IT,ind4-ts,Router,Cisco,ISR4331,99,,,,
phx-netmri-1,10.30.5.11,169739531,Salesforce_IT,ind4-wlc-a,Router,Cisco,C980040K9,99,,,,
phx-netmri-1,10.30.0.1,169738241,Salesforce_IT,ind4-axs-1,Switch-Router,Cisco,C9300-48UXM,99,,,,
phx-netmri-1,10.30.0.20,169738260,Salesforce_IT,ind4-axs-20,Switch-Router,Cisco,Cat9410R,99,,,,
phx-netmri-1,10.30.0.21,169738261,Salesforce_IT,ind4-axs-21,Switch-Router,Cisco,Cat9410R,99,,,,
phx-netmri-1,10.30.0.23,169738263,Salesforce_IT,ind4-axs-23,Switch-Router,Cisco,Cat9410R,99,,,,
phx-netmri-1,10.30.0.24,169738264,Salesforce_IT,ind4-axs-24,Switch-Router,Cisco,Cat9410R,99,,,,
phx-netmri-1,10.204.128.121,181174393,Salesforce_IT,hyd1-axs-12a,Switch-Router,Cisco,Cat9410R,99,,,,
phx-netmri-1,10.204.128.122,181174394,Salesforce_IT,hyd1-axs-12b,Switch-Router,Cisco,Cat9410R,99,,,,
phx-netmri-1,10.204.128.156,181174428,Salesforce_IT,hyd1-axs-15e,Switch-Router,Cisco,C9300-48UXM,99,,,,
phx-netmri-1,10.204.128.155,181174427,Salesforce_IT,hyd1-axs-15d,Switch-Router,Cisco,C9300-48UXM,99,,,,
phx-netmri-1,10.134.0.37,176554021,Salesforce_IT,lon2-axs-37,Switch-Router,Cisco,WS-C3850-12X48U-S,99,,,,
phx-netmri-1,10.73.0.255,172556543,Salesforce_IT,bos2-ts,Router,Cisco,ISR4321,99,,,,
phx-netmri-1,10.73.0.5,172556293,Salesforce_IT,bos2-axs-5a,Switch-Router,Cisco,Cat9410R,99,,,,
phx-netmri-1,10.73.0.51,172556339,Salesforce_IT,bos2-axs-5b,Switch-Router,Cisco,Cat9410R,99,,,,
phx-netmri-1,10.73.0.6,172556294,Salesforce_IT,bos2-axs-6,Switch-Router,Cisco,Cat9410R,99,,,,
phx-netmri-1,10.73.5.11,172557579,Salesforce_IT,bos2-wlc-a,Router,Cisco,C9800LFK9,99,,,,
phx-netmri-1,10.73.0.253,172556541,Salesforce_IT,bos2-dst-a,Switch-Router,Cisco,C9500-40X,99,,,,
phx-netmri-1,10.30.0.22,169738262,Salesforce_IT,ind4-axs-22,Switch-Router,Cisco,Cat9410R,99,,,,
phx-netmri-1,10.30.0.25,169738265,Salesforce_IT,ind4-axs-25,Switch-Router,Cisco,Cat9410R,99,,,,
phx-netmri-1,10.9.0.24,168362008,Salesforce_IT,sfo3-axs-24,Switch-Router,Cisco,Cat9410R,99,,,,
phx-netmri-1,10.150.0.1,177602561,Salesforce_IT,erf-axs-1,Switch-Router,Cisco,WS-C3850-48P-S,99,,,,
phx-netmri-1,10.150.0.255,177602815,Salesforce_IT,erf-ts,Router,Cisco,ISR4321,99,,,,
phx-netmri-1,10.150.0.253,177602813,Salesforce_IT,erf-cdst-a,Switch-Router,Cisco,Cat9410R,99,,,,
phx-netmri-1,10.136.64.240,176701680,Salesforce_IT,muc2-sic-ts,Router,Cisco,ISR4321,99,,,,
phx-netmri-1,10.6.0.254,168165630,Salesforce_IT,sfo8-dst-a,Switch-Router,Cisco,C9500-24Q,99,,,,
phx-netmri-1,10.6.0.25,168165401,Salesforce_IT,sfo8-axs-4,Switch-Router,Cisco,Cat9410R,99,,,,
phx-netmri-1,10.6.0.21,168165397,Salesforce_IT,sfo8-axs-7,Switch-Router,Cisco,Cat9410R,99,,,,
phx-netmri-1,10.6.0.22,168165398,Salesforce_IT,sfo8-axs-8,Switch-Router,Cisco,Cat9410R,99,,,,
phx-netmri-1,10.6.0.23,168165399,Salesforce_IT,sfo8-axs-9,Switch-Router,Cisco,Cat9410R,99,,,,
phx-netmri-1,10.6.0.24,168165400,Salesforce_IT,sfo8-axs-10,Switch-Router,Cisco,Cat9410R,99,,,,
phx-netmri-1,10.6.0.26,168165402,Salesforce_IT,sfo8-axs-1,Switch-Router,Cisco,Cat9410R,99,,,,
phx-netmri-1,10.91.0.18,173735954,Salesforce_IT,nyc3-axs-18,Switch-Router,Cisco,Cat9410R,99,,,,
phx-netmri-1,10.136.81.130,176705922,Salesforce_IT,muc2-ebc-dst-a,Switch-Router,Cisco,WS-C3850-12X48U-S,99,,,,
phx-netmri-1,10.6.2.11,168165899,Salesforce_IT,sfo8-wlc-a,Router,Cisco,C980040K9,99,,,,
phx-netmri-1,10.134.5.38,176555302,Salesforce_IT,lon2-sic-dst-a,Switch-Router,Cisco,Cat9410R,99,,,,
phx-netmri-1,10.134.5.11,176555275,Salesforce_IT,lon2-sic-wlc-a,Router,Cisco,C9800LFK9,99,,,,
phx-netmri-1,10.6.0.27,168165403,Salesforce_IT,sfo8-axs-11,Switch-Router,Cisco,Cat9410R,99,,,,
phx-netmri-1,10.6.0.28,168165404,Salesforce_IT,sfo8-axs-12,Switch-Router,Cisco,Cat9410R,99,,,,
phx-netmri-1,10.91.0.19,173735955,Salesforce_IT,nyc3-axs-19,Switch-Router,Cisco,Cat9410R,99,,,,
phx-netmri-1,10.91.0.20,173735956,Salesforce_IT,nyc3-axs-20,Switch-Router,Cisco,Cat9410R,99,,,,
phx-netmri-1,10.204.128.123,181174395,Salesforce_IT,hyd1-axs-12c,Switch-Router,Cisco,WS-C3850-12X48U-S,99,,,,
phx-netmri-1,10.134.0.137,176554121,Salesforce_IT,lon2-sic-ts,Router,Cisco,ISR4321,99,,,,
phx-netmri-1,10.136.64.4,176701444,Salesforce_IT,muc2-axs-4-5,Switch-Router,Cisco,Cat9410R,99,,,,
phx-netmri-1,10.134.0.32,176554016,Salesforce_IT,lon2-axs-32,Switch-Router,Cisco,Cat9410R,99,,,,
phx-netmri-1,10.134.0.33,176554017,Salesforce_IT,lon2-axs-33,Switch-Router,Cisco,Cat9410R,99,,,,
phx-netmri-1,10.30.0.47,169738287,Salesforce_IT,ind4-axs-47,Switch-Router,Cisco,Cat9410R,99,,,,
phx-netmri-1,10.6.0.29,168165405,Salesforce_IT,sfo8-axs-13,Switch-Router,Cisco,Cat9410R,99,,,,
phx-netmri-1,10.6.0.30,168165406,Salesforce_IT,sfo8-axs-14,Switch-Router,Cisco,Cat9410R,99,,,,
phx-netmri-1,10.6.0.31,168165407,Salesforce_IT,sfo8-axs-15,Switch-Router,Cisco,Cat9410R,99,,,,
phx-netmri-1,10.91.0.101,173736037,Salesforce_IT,nyc3-axs-lobby,Switch-Router,Cisco,C9300-48UXM,99,,,,
phx-netmri-1,10.9.0.255,168362239,Salesforce_IT,sfo3-ts,Router,Cisco,ISR4331,99,,,,
phx-netmri-1,10.6.0.32,168165408,Salesforce_IT,sfo8-axs-16,Switch-Router,Cisco,Cat9410R,99,,,,
phx-netmri-1,10.6.0.33,168165409,Salesforce_IT,sfo8-axs-17,Switch-Router,Cisco,Cat9410R,99,,,,
phx-netmri-1,10.6.0.34,168165410,Salesforce_IT,sfo8-axs-18,Switch-Router,Cisco,Cat9410R,99,,,,
phx-netmri-1,10.9.0.31,168362015,Salesforce_IT,sfo3-axs-31,Switch-Router,Cisco,Cat9410R,99,,,,
phx-netmri-1,10.9.0.26,168362010,Salesforce_IT,sfo3-axs-26,Switch-Router,Cisco,Cat9410R,99,,,,
phx-netmri-1,10.9.0.25,168362009,Salesforce_IT,sfo3-axs-25,Switch-Router,Cisco,Cat9410R,99,,,,
phx-netmri-1,10.6.0.35,168165411,Salesforce_IT,sfo8-axs-5,Switch-Router,Cisco,Cat9410R,99,,,,
phx-netmri-1,10.6.0.36,168165412,Salesforce_IT,sfo8-axs-6,Switch-Router,Cisco,Cat9410R,99,,,,
phx-netmri-1,10.9.0.38,168362022,Salesforce_IT,sfo3-axs-25b,Switch-Router,Cisco,Cat9410R,99,,,,
phx-netmri-1,10.6.0.37,168165413,Salesforce_IT,sfo8-axs-61,Switch-Router,Cisco,Cat9410R,99,,,,
phx-netmri-1,10.6.0.38,168165414,Salesforce_IT,sfo8-axs-3,Switch-Router,Cisco,Cat9410R,99,,,,
phx-netmri-1,10.6.82.254,168186622,Salesforce_IT,sfo8-sic-dst-a,Switch,Cisco,C9500-16X,99,,,,
phx-netmri-1,10.6.82.253,168186621,Salesforce_IT,sfo8-sic-axs-p1,Switch,Cisco,C9300-48UXM,99,,,,
phx-netmri-1,10.6.82.252,168186620,Salesforce_IT,sfo8-sic-axs-60_61,Switch-Router,Cisco,Cat9410R,99,,,,
phx-netmri-1,10.6.82.251,168186619,Salesforce_IT,sfo8-sic-axs-3,Switch,Cisco,C9300-48UXM,99,,,,
phx-netmri-1,10.6.0.39,168165415,Salesforce_IT,sfo8-axs-19,Switch-Router,Cisco,Cat9410R,99,,,,
phx-netmri-1,10.6.0.40,168165416,Salesforce_IT,sfo8-axs-20,Switch-Router,Cisco,Cat9410R,99,,,,
phx-netmri-1,10.6.0.41,168165417,Salesforce_IT,sfo8-axs-21,Switch-Router,Cisco,Cat9410R,99,,,,
phx-netmri-1,10.6.0.42,168165418,Salesforce_IT,sfo8-axs-22,Switch-Router,Cisco,Cat9410R,99,,,,
phx-netmri-1,10.6.0.43,168165419,Salesforce_IT,sfo8-axs-23,Switch-Router,Cisco,Cat9410R,99,,,,
phx-netmri-1,10.6.0.44,168165420,Salesforce_IT,sfo8-axs-24,Switch-Router,Cisco,Cat9410R,99,,,,
phx-netmri-1,10.73.0.61,172556349,Salesforce_IT,bos2-axs-6b,Switch-Router,Cisco,Cat9410R,99,,,,
phx-netmri-1,10.30.0.12,169738252,Salesforce_IT,ind4-axs-12,Switch-Router,Cisco,Cat9410R,99,,,,
phx-netmri-1,10.30.0.13,169738253,Salesforce_IT,ind4-axs-13,Switch-Router,Cisco,Cat9410R,99,,,,
phx-netmri-1,10.30.0.9,169738249,Salesforce_IT,ind4-axs-9,Switch-Router,Cisco,Cat9410R,99,,,,
phx-netmri-1,10.30.0.10,169738250,Salesforce_IT,ind4-axs-10,Switch-Router,Cisco,Cat9410R,99,,,,
phx-netmri-1,10.30.0.11,169738251,Salesforce_IT,ind4-axs-11,Switch-Router,Cisco,Cat9410R,99,,,,
phx-netmri-1,10.6.0.45,168165421,Salesforce_IT,sfo8-axs-25,Switch-Router,Cisco,Cat9410R,99,,,,
phx-netmri-1,10.6.0.46,168165422,Salesforce_IT,sfo8-axs-26,Switch-Router,Cisco,Cat9410R,99,,,,
phx-netmri-1,10.6.0.47,168165423,Salesforce_IT,sfo8-axs-27,Switch-Router,Cisco,Cat9410R,99,,,,
phx-netmri-1,10.128.11.252,176163836,Salesforce_IT,dub-srv-a,Switch-Router,Cisco,Cat9407R,99,,,,
phx-netmri-1,10.6.0.48,168165424,Salesforce_IT,sfo8-axs-28,Switch-Router,Cisco,Cat9410R,99,,,,
phx-netmri-1,10.6.0.49,168165425,Salesforce_IT,sfo8-axs-29,Switch-Router,Cisco,Cat9410R,99,,,,
phx-netmri-1,10.6.0.50,168165426,Salesforce_IT,sfo8-axs-30,Switch-Router,Cisco,Cat9410R,99,,,,
phx-netmri-1,10.91.0.23,173735959,Salesforce_IT,nyc3-axs-23,Switch-Router,Cisco,Cat9410R,99,,,,
phx-netmri-1,10.91.0.41,173735977,Salesforce_IT,nyc3-axs-41,Switch-Router,Cisco,Cat9410R,99,,,,
phx-netmri-1,10.91.19.254,173741054,Salesforce_IT,nyc3-sic-dst-a,Switch,Cisco,C9500-40X,99,,,,
phx-netmri-1,10.91.19.251,173741051,Salesforce_IT,nyc3-sic-axs-23,Switch,Cisco,C9300-48UXM,99,,,,
phx-netmri-1,10.91.19.252,173741052,Salesforce_IT,nyc3-sic-axs-41,Switch,Cisco,C9300-48UXM,99,,,,
phx-netmri-1,10.134.0.36,176554020,Salesforce_IT,lon2-axs-36,Switch-Router,Cisco,Cat9410R,99,,,,
phx-netmri-1,10.134.5.36,176555300,Salesforce_IT,lon2-sic-axs-36,Switch-Router,Cisco,C9300-48UXM,99,,,,
phx-netmri-1,10.21.18.2,169153026,Salesforce_IT,eze2-cdst-a,Switch-Router,Cisco,C9300-48UXM,99,,,,
phx-netmri-1,10.74.0.253,172622077,Salesforce_IT,vac2-dst-a,Switch-Router,Cisco,C9500-40X,99,,,,
phx-netmri-1,10.74.0.5,172621829,Salesforce_IT,vac2-axs-5,Switch-Router,Cisco,Cat9410R,99,,,,
phx-netmri-1,10.6.0.51,168165427,Salesforce_IT,sfo8-axs-39,Switch-Router,Cisco,cat4510rpluse,99,,,,
phx-netmri-1,10.6.0.52,168165428,Salesforce_IT,sfo8-axs-40,Switch-Router,Cisco,cat4510rpluse,99,,,,
phx-netmri-1,10.6.0.53,168165429,Salesforce_IT,sfo8-axs-41,Switch-Router,Cisco,cat4510rpluse,99,,,,
phx-netmri-1,10.128.0.230,176160998,Salesforce_IT,dub-smp-axs-1,Switch-Router,Cisco,WS-C3850-12X48U-S,99,,,,
phx-netmri-1,10.204.192.1,181190657,Salesforce_IT,hyd1-axs-15a1,Switch-Router,Cisco,Cat9410R,99,,,,
phx-netmri-1,10.204.192.2,181190658,Salesforce_IT,hyd1-axs-15b1,Switch-Router,Cisco,Cat9410R,99,,,,
phx-netmri-1,10.204.192.3,181190659,Salesforce_IT,hyd1-axs-15c1,Switch-Router,Cisco,Cat9410R,99,,,,
phx-netmri-1,10.150.160.10,177643530,Salesforce_IT,nte-axs-1,Switch-Router,Cisco,WS-C3850-12X48U-S,99,,,,
phx-netmri-1,10.150.160.11,177643531,Salesforce_IT,nte-ts,Router,Cisco,ISR4321,99,,,,
phx-netmri-1,10.150.128.255,177635583,Salesforce_IT,tlv2-ts,Router,Cisco,ISR4321,99,,,,
phx-netmri-1,10.150.128.10,177635338,Salesforce_IT,tlv2-axs-10,Switch-Router,Cisco,Cat9410R,99,,,,
phx-netmri-1,10.150.128.253,177635581,Salesforce_IT,tlv2-cdst-a,Switch-Router,Cisco,Cat9410R,99,,,,
phx-netmri-1,10.150.128.249,177635577,Salesforce_IT,tlv2-vgr-a,Router,Cisco,ISR4431,99,,,,
phx-netmri-1,10.150.128.250,177635578,Salesforce_IT,tlv2-vgr-b,Router,Cisco,ISR4431,99,,,,
phx-netmri-1,10.129.11.23,176229143,Salesforce_IT,fra3-tsv-a,Router,Cisco,ISR4331,99,,,,
phx-netmri-1,10.129.11.24,176229144,Salesforce_IT,fra3-tsv-b,Router,Cisco,ISR4331,99,,,,
phx-netmri-1,10.129.11.39,176229159,Salesforce_IT,fra3-wlg-a,Router,Cisco,ISR4431,99,,,,
phx-netmri-1,10.129.11.40,176229160,Salesforce_IT,fra3-wlg-b,Router,Cisco,ISR4431,99,,,,
phx-netmri-1,10.84.0.28,173277212,Salesforce_IT,atl1-axs-28,Switch-Router,Cisco,Cat9410R,99,,,,
phx-netmri-1,10.74.0.4,172621828,Salesforce_IT,vac2-axs-4,Switch-Router,Cisco,Cat9410R,99,,,,
phx-netmri-1,10.74.0.6,172621830,Salesforce_IT,vac2-axs-6,Switch-Router,Cisco,Cat9410R,99,,,,
phx-netmri-1,10.74.0.7,172621831,Salesforce_IT,vac2-axs-7,Switch-Router,Cisco,Cat9410R,99,,,,
phx-netmri-1,10.74.0.255,172622079,Salesforce_IT,vac2-ts,Router,Cisco,ISR4321,99,,,,
phx-netmri-1,10.5.11.23,168102679,Salesforce_IT,phx3-tsv-a,Router,Cisco,ISR4331,99,,,,
phx-netmri-1,10.5.11.24,168102680,Salesforce_IT,phx3-tsv-b,Router,Cisco,ISR4331,99,,,,
phx-netmri-1,10.5.11.39,168102695,Salesforce_IT,phx3-vgr-a,Router,Cisco,ISR4431,99,,,,
phx-netmri-1,10.5.11.40,168102696,Salesforce_IT,phx3-vgr-b,Router,Cisco,ISR4431,99,,,,
phx-netmri-1,10.205.64.1,181223425,Salesforce_IT,blr1-axs-3a,Switch-Router,Cisco,Cat9410R,99,,,,
phx-netmri-1,10.205.64.2,181223426,Salesforce_IT,blr1-axs-3b,Switch-Router,Cisco,Cat9410R,99,,,,
phx-netmri-1,10.205.64.3,181223427,Salesforce_IT,blr1-axs-3c,Switch-Router,Cisco,Cat9410R,99,,,,
phx-netmri-1,10.205.64.250,181223674,Salesforce_IT,blr1-dst-a,Switch-Router,Cisco,C9500-40X,99,,,,
phx-netmri-1,10.205.64.251,181223675,Salesforce_IT,blr1-ts,Router,Cisco,ISR4321,99,,,,
phx-netmri-1,10.205.64.252,181223676,Salesforce_IT,blr1-vgr-a,Router,Cisco,ISR4431,99,,,,
phx-netmri-1,10.205.64.253,181223677,Salesforce_IT,blr1-vgr-b,Router,Cisco,ISR4431,99,,,,
phx-netmri-1,10.83.0.255,173211903,Salesforce_IT,eze1-ts,Router,Cisco,ISR4321,99,,,,
phx-netmri-1,10.83.0.253,173211901,Salesforce_IT,eze1-dst-a,Switch-Router,Cisco,C9500-16X,99,,,,
phx-netmri-1,10.83.0.5,173211653,Salesforce_IT,eze1-axs-5,Switch-Router,Cisco,Cat9410R,99,,,,
phx-netmri-1,10.83.0.6,173211654,Salesforce_IT,eze1-axs-6,Switch-Router,Cisco,Cat9410R,99,,,,
phx-netmri-1,10.84.0.255,173277439,Salesforce_IT,atl1-ts,Router,Cisco,ISR4321,99,,,,
phx-netmri-1,10.84.0.253,173277437,Salesforce_IT,atl1-dst-a,Switch-Router,Cisco,C9500-40X,99,,,,
phx-netmri-1,10.84.0.1,173277185,Salesforce_IT,atl1-axs-lobby,Switch-Router,Cisco,C9300-48UXM,99,,,,
phx-netmri-1,10.84.0.29,173277213,Salesforce_IT,atl1-axs-29a,Switch-Router,Cisco,Cat9410R,99,,,,
phx-netmri-1,10.91.0.16,173735952,Salesforce_IT,nyc3-axs-16a,Switch-Router,Cisco,Cat9410R,99,,,,
phx-netmri-1,10.91.0.116,173736052,Salesforce_IT,nyc3-axs-16b,Switch-Router,Cisco,C9300-48UXM,99,,,,
phx-netmri-1,10.6.0.54,168165430,Salesforce_IT,sfo8-axs-42,Switch-Router,Cisco,cat4510rpluse,99,,,,
phx-netmri-1,10.6.0.55,168165431,Salesforce_IT,sfo8-axs-43,Switch-Router,Cisco,cat4510rpluse,99,,,,
phx-netmri-1,10.21.16.2,169152514,Salesforce_IT,iad3-cdst-a,Switch-Router,Cisco,C9300-48UXM,99,,,,
phx-netmri-1,10.74.64.253,172638461,Salesforce_IT,dfw2-dst-a,Switch-Router,Cisco,C9500-40X,99,,,,
phx-netmri-1,10.74.64.255,172638463,Salesforce_IT,dfw2-ts,Router,Cisco,ISR4321,99,,,,
phx-netmri-1,10.74.64.14,172638222,Salesforce_IT,dfw2-axs-14,Switch-Router,Cisco,Cat9410R,99,,,,
phx-netmri-1,10.74.64.15,172638223,Salesforce_IT,dfw2-axs-15,Switch-Router,Cisco,Cat9410R,99,,,,
phx-netmri-1,10.126.64.3,176046083,Salesforce_IT,pdx-axs-3,Switch-Router,Cisco,Cat9410R,99,,,,
phx-netmri-1,10.84.0.129,173277313,Salesforce_IT,atl1-axs-29b,Switch-Router,Cisco,C9300-48UXM,99,,,,
phx-netmri-1,10.150.192.253,177651965,Salesforce_IT,tlv3-dst-a,Switch-Router,Cisco,C9500-16X,99,,,,
phx-netmri-1,10.150.192.249,177651961,Salesforce_IT,tlv3-vgr-a,Router,Cisco,ISR4431,99,,,,
phx-netmri-1,10.150.192.250,177651962,Salesforce_IT,tlv3-vgr-b,Router,Cisco,ISR4431,99,,,,
phx-netmri-1,10.150.192.15,177651727,Salesforce_IT,tlv3-axs-15a,Switch-Router,Cisco,Cat9410R,99,,,,
phx-netmri-1,10.150.192.150,177651862,Salesforce_IT,tlv3-axs-15b,Switch-Router,Cisco,Cat9410R,99,,,,
phx-netmri-1,10.150.192.255,177651967,Salesforce_IT,tlv3-ts,Router,Cisco,ISR4321,99,,,,
phx-netmri-1,10.6.0.58,168165434,Salesforce_IT,sfo8-axs-45,Switch-Router,Cisco,C9300-48UXM,99,,,,
phx-netmri-1,10.192.11.41,180357929,Salesforce_IT,bom1-sbc-a,Router,Cisco,ISR4431,99,,,,
phx-netmri-1,10.192.11.42,180357930,Salesforce_IT,bom1-sbc-b,Router,Cisco,ISR4431,99,,,,
phx-netmri-1,10.192.11.23,180357911,Salesforce_IT,bom1-tsv-a,Router,Cisco,ISR4331,99,,,,
phx-netmri-1,10.192.11.24,180357912,Salesforce_IT,bom1-tsv-b,Router,Cisco,ISR4331,99,,,,
phx-netmri-1,10.7.128.253,168263933,Salesforce_IT,mel2-dst-a,Switch-Router,Cisco,C9500-16X,99,,,,
phx-netmri-1,10.7.128.255,168263935,Salesforce_IT,mel2-ts,Router,Cisco,ISR4321,99,,,,
phx-netmri-1,10.7.128.12,168263692,Salesforce_IT,mel2-axs-12,Switch-Router,Cisco,Cat9410R,99,,,,
phx-netmri-1,10.84.0.33,173277217,Salesforce_IT,atl1-axs-33,Switch-Router,Cisco,Cat9410R,99,,,,
phx-netmri-1,10.21.16.4,169152516,Salesforce_IT,iad3-axs-b,Switch-Router,Cisco,C9300-48UXM,99,,,,
phx-netmri-1,10.21.16.5,169152517,Salesforce_IT,iad3-axs-c,Switch-Router,Cisco,C9300-48UXM,99,,,,
phx-netmri-1,10.21.64.1,169164801,Salesforce_IT,iad4-dst-a,Switch-Router,Cisco,C9500-40X,99,,,,
phx-netmri-1,10.21.64.2,169164802,Salesforce_IT,iad4-axs-a,Switch-Router,Cisco,C9300-48UXM,99,,,,
phx-netmri-1,10.21.64.3,169164803,Salesforce_IT,iad4-axs-b,Switch-Router,Cisco,C9300-48UXM,99,,,,
phx-netmri-1,10.21.64.4,169164804,Salesforce_IT,iad4-axs-c,Switch-Router,Cisco,C9300-48UXM,99,,,,
phx-netmri-1,10.21.64.5,169164805,Salesforce_IT,iad4-axs-d,Switch-Router,Cisco,C9300-48UXM,99,,,,
phx-netmri-1,10.21.80.1,169168897,Salesforce_IT,iad5-dst-a,Switch-Router,Cisco,C9500-40X,99,,,,
phx-netmri-1,10.21.80.2,169168898,Salesforce_IT,iad5-axs-a,Switch-Router,Cisco,C9300-48UXM,99,,,,
phx-netmri-1,10.21.80.3,169168899,Salesforce_IT,iad5-axs-b,Switch-Router,Cisco,C9300-48UXM,99,,,,
phx-netmri-1,10.21.80.4,169168900,Salesforce_IT,iad5-axs-c,Switch-Router,Cisco,C9300-48UXM,99,,,,
phx-netmri-1,10.21.112.1,169177089,Salesforce_IT,cdg3-dst-a,Switch-Router,Cisco,C9500-40X,99,,,,
phx-netmri-1,10.21.112.3,169177091,Salesforce_IT,cdg3-axs-b,Switch-Router,Cisco,C9300-48UXM,99,,,,
phx-netmri-1,10.21.112.6,169177094,Salesforce_IT,cdg3-axs-e,Switch-Router,Cisco,C9300-48UXM,99,,,,
phx-netmri-1,10.21.96.1,169172993,Salesforce_IT,lhr3-dst-a,Switch-Router,Cisco,C9500-40X,99,,,,
phx-netmri-1,10.21.96.3,169172995,Salesforce_IT,lhr3-axs-b,Switch-Router,Cisco,C9300-48UXM,99,,,,
phx-netmri-1,10.21.96.4,169172996,Salesforce_IT,lhr3-axs-c,Switch-Router,Cisco,C9300-48UXM,99,,,,
phx-netmri-1,10.21.104.1,169175041,Salesforce_IT,lhr4-dst-a,Switch-Router,Cisco,C9500-40X,99,,,,
phx-netmri-1,10.21.104.3,169175043,Salesforce_IT,lhr4-axs-b,Switch-Router,Cisco,C9300-48UXM,99,,,,
phx-netmri-1,10.21.104.4,169175044,Salesforce_IT,lhr4-axs-c,Switch-Router,Cisco,C9300-48UXM,99,,,,
phx-netmri-1,10.21.104.5,169175045,Salesforce_IT,lhr4-axs-d,Switch-Router,Cisco,C9300-48UXM,99,,,,
phx-netmri-1,10.10.104.254,168454398,Salesforce_IT,sfo5-cdst-a,Switch-Router,Cisco,C9300-48UXM,99,,,,
phx-netmri-1,10.10.104.255,168454399,Salesforce_IT,sfo5-ts,Router,Cisco,ISR4321,99,,,,
phx-netmri-1,10.75.16.255,172691711,Salesforce_IT,clt1-ts,Router,Cisco,ISR4321,99,,,,
phx-netmri-1,10.75.16.253,172691709,Salesforce_IT,clt1-cdst-a,Switch-Router,Cisco,Cat9410R,99,,,,
phx-netmri-1,10.83.0.250,173211898,Salesforce_IT,eze1-vgr-a,Router,Cisco,ISR4431,99,,,,
phx-netmri-1,10.83.0.251,173211899,Salesforce_IT,eze1-vgr-b,Router,Cisco,ISR4431,99,,,,
phx-netmri-1,10.129.0.200,176226504,Salesforce_IT,fra3-dst-a,Switch-Router,Cisco,C9500-40X,99,,,,
phx-netmri-1,10.5.0.200,168100040,Salesforce_IT,phx3-cdst-a,Switch-Router,Cisco,C9300-48UXM,99,,,,
phx-netmri-1,10.30.0.7,169738247,Salesforce_IT,ind4-axs-7,Switch-Router,Cisco,Cat9410R,99,,,,
phx-netmri-1,10.21.18.3,169153027,Salesforce_IT,eze2-ts,Router,Cisco,ISR4321,99,,,,
phx-netmri-1,10.84.30.254,173285118,Salesforce_IT,atl1-sic-dst-a,Switch,Cisco,C9500-16X,99,,,,
phx-netmri-1,10.84.30.252,173285116,Salesforce_IT,atl1-sic-axs-lobby,Switch,Cisco,C9300-48UXM,99,,,,
phx-netmri-1,10.84.30.253,173285117,Salesforce_IT,atl1-sic-axs-34,Switch,Cisco,C9300-48UXM,99,,,,
phx-netmri-1,10.128.100.10,176186378,Salesforce_IT,dub-axs-a2,Switch-Router,Cisco,cat4507rpluse,99,,,,
phx-netmri-1,10.84.0.34,173277218,Salesforce_IT,atl1-axs-34,Switch-Router,Cisco,Cat9410R,99,,,,
phx-netmri-1,10.76.0.253,172753149,Salesforce_IT,PAO3-DST-A,Switch-Router,Cisco,C9500-40X,99,,,,
phx-netmri-1,10.76.0.255,172753151,Salesforce_IT,pao3-ts,Router,Cisco,ISR4321,99,,,,
phx-netmri-1,10.76.0.101,172752997,Salesforce_IT,pao3-axs-1,Switch-Router,Cisco,Cat9410R,99,,,,
phx-netmri-1,10.76.0.102,172752998,Salesforce_IT,pao3-axs-2,Switch-Router,Cisco,Cat9410R,99,,,,
phx-netmri-1,10.76.64.253,172769533,Salesforce_IT,den3-dst-a,Switch-Router,Cisco,C9500-40X,99,,,,
phx-netmri-1,10.76.64.105,172769385,Salesforce_IT,den3-axs-5,Switch-Router,Cisco,Cat9410R,99,,,,
phx-netmri-1,10.76.64.106,172769386,Salesforce_IT,den3-axs-6,Switch-Router,Cisco,Cat9410R,99,,,,
phx-netmri-1,10.71.32.19,172433427,Salesforce_IT,bos1-axs-a,Switch-Router,Cisco,Cat9410R,99,,,,
phx-netmri-1,10.76.32.253,172761341,Salesforce_IT,sna1-dst-a,Switch-Router,Cisco,C9500-16X,99,,,,
phx-netmri-1,10.76.32.255,172761343,Salesforce_IT,sna1-ts,Router,Cisco,ISR4321,99,,,,
phx-netmri-1,10.76.32.101,172761189,Salesforce_IT,sna1-axs-15,Switch-Router,Cisco,Cat9410R,99,,,,
phx-netmri-1,10.76.64.255,172769535,Salesforce_IT,den3-ts,Router,Cisco,ISR4321,99,,,,
phx-netmri-1,10.21.124.2,169180162,Salesforce_IT,DFW-AXS-A,Switch-Router,Cisco,C9300-48UXM,99,,,,
phx-netmri-1,10.21.124.3,169180163,Salesforce_IT,DFW-AXS-B,Switch-Router,Cisco,C9300-48UXM,99,,,,
phx-netmri-1,10.21.124.4,169180164,Salesforce_IT,DFW-AXS-C,Switch-Router,Cisco,C9300-48UXM,99,,,,
phx-netmri-1,10.21.124.5,169180165,Salesforce_IT,DFW-AXS-D,Switch-Router,Cisco,C9300-48UXM,99,,,,
phx-netmri-1,10.21.124.6,169180166,Salesforce_IT,dfw-axs-e,Switch-Router,Cisco,C9300-48UXM,99,,,,
phx-netmri-1,10.21.124.7,169180167,Salesforce_IT,dfw-axs-f,Switch-Router,Cisco,C9300-48UXM,99,,,,
phx-netmri-1,10.21.124.8,169180168,Salesforce_IT,dfw-axs-g,Switch-Router,Cisco,C9300-48UXM,99,,,,
phx-netmri-1,10.21.124.1,169180161,Salesforce_IT,DFW-DST-A,Switch-Router,Cisco,C9500-40X,99,,,,
phx-netmri-1,10.21.128.1,169181185,Salesforce_IT,PHX-DST-A,Switch-Router,Cisco,C9500-40X,99,,,,
phx-netmri-1,10.21.128.2,169181186,Salesforce_IT,PHX-AXS-A,Switch-Router,Cisco,C9300-48UXM,99,,,,
phx-netmri-1,10.21.128.3,169181187,Salesforce_IT,PHX-AXS-B,Switch-Router,Cisco,C9300-48UXM,99,,,,
phx-netmri-1,10.21.128.4,169181188,Salesforce_IT,PHX-AXS-C,Switch-Router,Cisco,C9300-48UXM,99,,,,
phx-netmri-1,10.21.128.5,169181189,Salesforce_IT,PHX-AXS-D,Switch-Router,Cisco,C9300-48UXM,99,,,,
phx-netmri-1,10.21.128.6,169181190,Salesforce_IT,PHX-AXS-E,Switch-Router,Cisco,C9300-48UXM,99,,,,
phx-netmri-1,10.21.128.7,169181191,Salesforce_IT,PHX-AXS-F,Switch-Router,Cisco,C9300-48UXM,99,,,,
phx-netmri-1,10.21.128.8,169181192,Salesforce_IT,PHX-AXS-G,Switch-Router,Cisco,C9300-48UXM,99,,,,
phx-netmri-1,10.192.0.40,180355112,Salesforce_IT,bom1-sxs-a,Switch-Router,Cisco,C9300-48UXM,99,,,,
phx-netmri-1,10.205.128.5,181239813,Salesforce_IT,DEL1-AXS-5A,Switch-Router,Cisco,Cat9410R,99,,,,
phx-netmri-1,10.205.128.250,181240058,Salesforce_IT,DEL1-DST-A,Switch-Router,Cisco,C9500-16X,99,,,,
phx-netmri-1,10.205.128.251,181240059,Salesforce_IT,DEL1-TS,Router,Cisco,ISR4321,99,,,,
phx-netmri-1,10.205.128.252,181240060,Salesforce_IT,DEL1-VGR-A,Router,Cisco,ISR4431,99,,,,
phx-netmri-1,10.205.128.253,181240061,Salesforce_IT,DEL1-VGR-B,Router,Cisco,ISR4431,99,,,,
phx-netmri-1,10.76.64.60,172769340,Salesforce_IT,den3-axs-6b,Switch-Router,Cisco,Cat9410R,99,,,,
phx-netmri-1,10.21.132.1,169182209,Salesforce_IT,CH2-DST-A,Switch-Router,Cisco,C9500-40X,99,,,,
phx-netmri-1,10.21.132.2,169182210,Salesforce_IT,CH2-AXS-A,Switch-Router,Cisco,C9300-48UXM,99,,,,
phx-netmri-1,10.21.132.3,169182211,Salesforce_IT,CH2-AXS-B,Switch-Router,Cisco,C9300-48UXM,99,,,,
phx-netmri-1,10.21.132.4,169182212,Salesforce_IT,CH2-AXS-C,Switch-Router,Cisco,C9300-48UXM,99,,,,
phx-netmri-1,10.21.132.5,169182213,Salesforce_IT,CH2-AXS-D,Switch-Router,Cisco,C9300-48UXM,99,,,,
phx-netmri-1,10.21.132.6,169182214,Salesforce_IT,CH2-AXS-E,Switch-Router,Cisco,C9300-48UXM,99,,,,
phx-netmri-1,10.21.132.7,169182215,Salesforce_IT,CH2-AXS-F,Switch-Router,Cisco,C9300-48UXM,99,,,,
phx-netmri-1,10.21.132.8,169182216,Salesforce_IT,CH2-AXS-G,Switch-Router,Cisco,C9300-48UXM,99,,,,
phx-netmri-1,10.21.132.9,169182217,Salesforce_IT,CH2-AXS-H,Switch-Router,Cisco,C9300-48UXM,99,,,,
phx-netmri-1,10.21.132.10,169182218,Salesforce_IT,CH2-AXS-I,Switch-Router,Cisco,C9300-48UXM,99,,,,
phx-netmri-1,10.21.148.1,169186305,Salesforce_IT,LHR1-SXS-A,Switch-Router,Cisco,C9300-48UXM,99,,,,
phx-netmri-1,10.193.11.23,180423447,Salesforce_IT,hnd1-tsv-a,Router,Cisco,ISR4331,99,,,,
phx-netmri-1,10.193.11.24,180423448,Salesforce_IT,hnd1-tsv-b,Router,Cisco,ISR4331,99,,,,
phx-netmri-1,10.21.155.1,169188097,Salesforce_IT,fra1-sxs-a,Switch-Router,Cisco,C9300-48UXM,99,,,,
phx-netmri-1,10.21.152.1,169187329,Salesforce_IT,lhr2-sxs-a,Switch-Router,Cisco,C9300-48UXM,99,,,,
phx-netmri-1,10.21.154.1,169187841,Salesforce_IT,phx1-sxs-a,Switch-Router,Cisco,C9300-48UXM,99,,,,
phx-netmri-1,10.21.157.1,169188609,Salesforce_IT,dfw1-sxs-a,Switch-Router,Cisco,C9300-48UXM,99,,,,
phx-netmri-1,10.21.143.1,169185025,Salesforce_IT,phx2-sxs-a,Switch-Router,Cisco,C9300-48UXM,99,,,,
phx-netmri-1,10.21.158.1,169188865,Salesforce_IT,ord1-sxs-a,Switch-Router,Cisco,C9300-48UXM,99,,,,
phx-netmri-1,10.21.146.1,169185793,Salesforce_IT,hnd-dst-a,Switch-Router,Cisco,C9500-40X,99,,,,
phx-netmri-1,10.21.146.3,169185795,Salesforce_IT,hnd-axs-b,Switch-Router,Cisco,C9300-48UXM,99,,,,
phx-netmri-1,10.21.146.4,169185796,Salesforce_IT,hnd-axs-c,Switch-Router,Cisco,C9300-48UXM,99,,,,
phx-netmri-1,10.21.146.5,169185797,Salesforce_IT,hnd-axs-d,Switch-Router,Cisco,C9300-48UXM,99,,,,
phx-netmri-1,10.21.146.7,169185799,Salesforce_IT,hnd-axs-f,Switch-Router,Cisco,C9300-48UXM,99,,,,
phx-netmri-1,10.21.146.6,169185798,Salesforce_IT,hnd-axs-e,Switch-Router,Cisco,C9300-48UXM,99,,,,
phx-netmri-1,10.21.146.2,169185794,Salesforce_IT,hnd-axs-a,Switch-Router,Cisco,C9300-48UXM,99,,,,
phx-netmri-1,10.21.149.1,169186561,Salesforce_IT,sjc1-sxs-a,Switch-Router,Cisco,C9300-48UXM,99,,,,
phx-netmri-1,10.205.160.1,181248001,Salesforce_IT,sin1-axs-10a,Switch-Router,Cisco,Cat9410R,99,,,,
phx-netmri-1,10.205.160.2,181248002,Salesforce_IT,SIN1-AXS-13A,Switch-Router,Cisco,Cat9410R,99,,,,
phx-netmri-1,10.205.160.3,181248003,Salesforce_IT,SIN1-AXS-13B,Switch-Router,Cisco,C9300-48UXM,99,,,,
phx-netmri-1,10.205.160.250,181248250,Salesforce_IT,sin1-dst-a,Switch-Router,Cisco,C9500-40X,99,,,,
phx-netmri-1,10.205.160.251,181248251,Salesforce_IT,sin1-ts,Router,Cisco,ISR4321,99,,,,
phx-netmri-1,10.21.156.1,169188353,Salesforce_IT,fra2-sxs-a,Switch-Router,Cisco,C9300-48UXM,99,,,,
phx-netmri-1,10.21.153.1,169187585,Salesforce_IT,iad2-sxs-a,Switch-Router,Cisco,C9300-48UXM,99,,,,
phx-netmri-1,10.53.0.11,171245579,Salesforce_IT,BOS3-DST-A,Switch-Router,Cisco,C9500-16X,99,,,,
phx-netmri-1,10.53.0.101,171245669,Salesforce_IT,bos3-axs-4,Switch-Router,Cisco,Cat9410R,99,,,,
phx-netmri-1,10.53.0.12,171245580,Salesforce_IT,BOS3-TS,Router,Cisco,ISR4321,99,,,,
phx-netmri-1,10.21.150.1,169186817,Salesforce_IT,cdg1-sxs-a,Switch-Router,Cisco,C9300-48UXM,99,,,,
phx-netmri-1,10.21.151.1,169187073,Salesforce_IT,cdg2-sxs-a,Switch-Router,Cisco,C9300-48UXM,99,,,,
phx-netmri-1,10.21.140.1,169184257,Salesforce_IT,ukb-dst-a,Switch-Router,Cisco,C9500-40X,99,,,,
phx-netmri-1,10.21.140.2,169184258,Salesforce_IT,ukb-axs-a,Switch-Router,Cisco,C9300-48UXM,99,,,,
phx-netmri-1,10.21.140.3,169184259,Salesforce_IT,ukb-axs-b,Switch-Router,Cisco,C9300-48UXM,99,,,,
phx-netmri-1,10.21.140.4,169184260,Salesforce_IT,ukb-axs-c,Switch-Router,Cisco,C9300-48UXM,99,,,,
phx-netmri-1,10.21.140.5,169184261,Salesforce_IT,ukb-axs-d,Switch-Router,Cisco,C9300-48UXM,99,,,,
phx-netmri-1,10.21.140.6,169184262,Salesforce_IT,ukb-axs-e,Switch-Router,Cisco,C9300-48UXM,99,,,,
phx-netmri-1,10.198.11.23,180751127,Salesforce_IT,syd1-tsv-a,Router,Cisco,ISR4331,99,,,,
phx-netmri-1,10.198.11.24,180751128,Salesforce_IT,syd1-tsv-b,Router,Cisco,ISR4331,99,,,,
phx-netmri-1,10.21.163.1,169190145,Salesforce_IT,iad1-sxs-a,Switch-Router,Cisco,C9300-48UXM,99,,,,
phx-netmri-1,10.206.0.250,181272826,Salesforce_IT,hyd2-dst-a,Switch-Router,Cisco,C9500-40X,99,,,,
phx-netmri-1,10.60.0.11,171704331,Salesforce_IT,tok5-dst-a,Switch-Router,Cisco,C9500-24Q,99,,,,
phx-netmri-1,10.21.144.1,169185281,Salesforce_IT,las-dst-a,Switch-Router,Cisco,C9500-40X,99,,,,
phx-netmri-1,10.21.144.2,169185282,Salesforce_IT,las-axs-a,Switch-Router,Cisco,C9300-48UXM,99,,,,
phx-netmri-1,10.21.144.3,169185283,Salesforce_IT,las-axs-b,Switch-Router,Cisco,C9300-48UXM,99,,,,
phx-netmri-1,10.21.162.1,169189889,Salesforce_IT,hnd1-sxs-a,Switch-Router,Cisco,C9300-48UXM,99,,,,
phx-netmri-1,10.21.160.253,169189629,Salesforce_IT,SYD3-SXS-A,Switch-Router,Cisco,C9300-48UXM,99,,,,
phx-netmri-1,10.21.96.2,169172994,Salesforce_IT,lhr3-axs-a,Switch-Router,Cisco,C9300-48UXM,99,,,,
phx-netmri-1,10.60.0.112,171704432,Salesforce_IT,tok5-axs-19a,Switch-Router,Cisco,Cat9410R,99,,,,
phx-netmri-1,10.60.0.113,171704433,Salesforce_IT,tok5-axs-20a,Switch-Router,Cisco,Cat9410R,99,,,,
phx-netmri-1,10.60.0.114,171704434,Salesforce_IT,tok5-axs-21a,Switch-Router,Cisco,Cat9410R,99,,,,
phx-netmri-1,10.60.0.115,171704435,Salesforce_IT,tok5-axs-22a,Switch-Router,Cisco,C9300-48UXM,99,,,,
phx-netmri-1,10.60.0.107,171704427,Salesforce_IT,tok5-axs-14a,Switch-Router,Cisco,Cat9410R,99,,,,
phx-netmri-1,10.60.0.106,171704426,Salesforce_IT,tok5-axs-13a,Switch-Router,Cisco,Cat9410R,99,,,,
phx-netmri-1,10.60.0.102,171704422,Salesforce_IT,tok5-axs-lobby,Switch-Router,Cisco,C9300-48UXM,99,,,,
phx-netmri-1,10.60.0.117,171704437,Salesforce_IT,tok5-axs-b2,Switch-Router,Cisco,C9300-48UXM,99,,,,
phx-netmri-1,10.60.0.101,171704421,Salesforce_IT,tok5-srv-a,Switch-Router,Cisco,C9300-48UXM,99,,,,
phx-netmri-1,10.60.0.255,171704575,Salesforce_IT,tok5-ts,Router,Cisco,ISR4331,99,,,,
phx-netmri-1,10.17.12.23,168889367,Salesforce_IT,sea3-tsv-a,Router,Cisco,ISR4331,99,,,,
phx-netmri-1,10.17.12.24,168889368,Salesforce_IT,sea3-tsv-b,Router,Cisco,ISR4331,99,,,,
phx-netmri-1,10.21.159.1,169189121,Salesforce_IT,itm1-sxs-a,Switch-Router,Cisco,C9300-48UXM,99,,,,
phx-netmri-1,10.194.192.253,180535549,Salesforce_IT,shm-cdst-a,Switch-Router,Cisco,C9300-48UXM,99,,,,
phx-netmri-1,10.205.64.4,181223428,Salesforce_IT,blr1-axs-3d,Switch-Router,Cisco,Cat9410R,99,,,,
phx-netmri-1,10.205.192.11,181256203,Salesforce_IT,blr2-dst-a,Switch-Router,Cisco,C9500-40X,99,,,,
phx-netmri-1,10.21.104.2,169175042,Salesforce_IT,lhr4-axs-a,Switch-Router,Cisco,C9300-48UXM,99,,,,
phx-netmri-1,10.21.161.1,169189633,Salesforce_IT,mel3-sxs-a,Switch-Router,Cisco,C9300-48UXM,99,,,,
phx-netmri-1,10.206.0.4,181272580,Salesforce_IT,hyd2-axs-20a,Switch-Router,Cisco,C9300-48UXM,99,,,,
phx-netmri-1,10.206.0.1,181272577,Salesforce_IT,hyd2-axs-15a,Switch-Router,Cisco,Cat9410R,99,,,,
phx-netmri-1,10.206.0.2,181272578,Salesforce_IT,hyd2-axs-16a,Switch-Router,Cisco,Cat9410R,99,,,,
phx-netmri-1,10.206.0.3,181272579,Salesforce_IT,hyd2-axs-19a,Switch-Router,Cisco,Cat9410R,99,,,,
phx-netmri-1,10.206.0.5,181272581,Salesforce_IT,hyd2-axs-0a,Switch-Router,Cisco,Cat9410R,99,,,,
phx-netmri-1,10.206.0.6,181272582,Salesforce_IT,hyd2-axs-0b,Switch-Router,Cisco,Cat9410R,99,,,,
phx-netmri-1,10.206.0.7,181272583,Salesforce_IT,hyd2-axs-0c,Switch-Router,Cisco,Cat9410R,99,,,,
phx-netmri-1,10.206.0.9,181272585,Salesforce_IT,hyd2-axs-0e,Switch-Router,Cisco,Cat9410R,99,,,,
phx-netmri-1,10.206.0.251,181272827,Salesforce_IT,hyd2-ts,Router,Cisco,ISR4331,99,,,,
phx-netmri-1,10.205.192.255,181256447,Salesforce_IT,blr2-ts,Router,Cisco,ISR4321,99,,,,
phx-netmri-1,10.205.192.101,181256293,Salesforce_IT,blr2-axs-6a,Switch-Router,Cisco,Cat9410R,99,,,,
phx-netmri-1,10.205.192.102,181256294,Salesforce_IT,blr2-axs-6b,Switch-Router,Cisco,C9300-48UXM,99,,,,
phx-netmri-1,10.205.192.103,181256295,Salesforce_IT,blr2-axs-8a,Switch-Router,Cisco,Cat9410R,99,,,,
phx-netmri-1,10.9.0.100,168362084,Salesforce_IT,SFO3-SRV-A,Switch-Router,Cisco,C9300-48UXM,99,,,,
phx-netmri-1,10.21.164.1,169190401,Salesforce_IT,ind1-dst-a,Switch-Router,Cisco,C9500-40X,99,,,,
phx-netmri-1,10.21.164.2,169190402,Salesforce_IT,ind1-axs-a,Switch-Router,Cisco,C9300-48UXM,99,,,,
phx-netmri-1,10.21.164.3,169190403,Salesforce_IT,ind1-axs-b,Switch-Router,Cisco,C9300-48UXM,99,,,,
phx-netmri-1,10.21.164.4,169190404,Salesforce_IT,ind1-axs-c,Switch-Router,Cisco,C9300-48UXM,99,,,,
phx-netmri-1,10.21.164.5,169190405,Salesforce_IT,ind1-axs-d,Switch-Router,Cisco,C9300-48UXM,99,,,,
phx-netmri-1,10.21.166.1,169190913,Salesforce_IT,ind2-sxs-a,Switch-Router,Cisco,C9300-48UXM,99,,,,
phx-netmri-1,10.15.11.39,168758055,Salesforce_IT,ash-wlg-a,Router,Cisco,ISR4431,99,,,,
phx-netmri-1,10.15.11.23,168758039,Salesforce_IT,ash-tsv-a,Router,Cisco,ISR4331,99,,,,
phx-netmri-1,10.15.11.24,168758040,Salesforce_IT,ash-tsv-b,Router,Cisco,ISR4331,99,,,,
phx-netmri-1,10.15.11.40,168758056,Salesforce_IT,ash-wlg-b,Router,Cisco,ISR4431,99,,,,
phx-netmri-1,10.21.136.1,169183233,Salesforce_IT,atl-dst-a,Switch-Router,Cisco,C9500-40X,99,,,,
phx-netmri-1,10.21.136.2,169183234,Salesforce_IT,atl-axs-a,Switch-Router,Cisco,C9300-48UXM,99,,,,
phx-netmri-1,10.21.136.3,169183235,Salesforce_IT,atl-axs-b,Switch-Router,Cisco,C9300-48UXM,99,,,,
phx-netmri-1,10.21.136.4,169183236,Salesforce_IT,atl-axs-c,Switch-Router,Cisco,C9300-48UXM,99,,,,
phx-netmri-1,10.206.0.8,181272584,Salesforce_IT,hyd2-axs-0d,Switch-Router,Cisco,Cat9410R,99,,,,
phx-netmri-1,10.206.0.10,181272586,Salesforce_IT,hyd2-axs-0f,Switch-Router,Cisco,Cat9410R,99,,,,
phx-netmri-1,10.206.0.11,181272587,Salesforce_IT,hyd2-axs-0g,Switch-Router,Cisco,Cat9410R,99,,,,
phx-netmri-1,10.60.0.108,171704428,Salesforce_IT,tok5-axs-15a,Switch-Router,Cisco,Cat9410R,99,,,,
phx-netmri-1,10.60.0.109,171704429,Salesforce_IT,tok5-axs-16a,Switch-Router,Cisco,Cat9410R,99,,,,
phx-netmri-1,10.60.0.110,171704430,Salesforce_IT,tok5-axs-17a,Switch-Router,Cisco,Cat9410R,99,,,,
phx-netmri-1,10.60.0.111,171704431,Salesforce_IT,tok5-axs-18a,Switch-Router,Cisco,Cat9410R,99,,,,
phx-netmri-1,10.15.11.36,168758052,Salesforce_IT,ASH-TOR-1,Switch,Cisco,WS-C2960X-48TD-L,99,,,,
phx-netmri-1,10.60.190.254,171753214,Salesforce_IT,tok5-sic-dst-a,Switch,Cisco,C9500-16X,99,,,,
phx-netmri-1,10.60.190.251,171753211,Salesforce_IT,tok5-sic-axs-0,Switch,Cisco,C9300-48UXM,99,,,,
phx-netmri-1,10.60.190.252,171753212,Salesforce_IT,tok5-sic-axs-22,Switch,Cisco,C9300-48UXM,99,,,,
phx-netmri-1,10.60.190.253,171753213,Salesforce_IT,tok5-sic-axs-21,Switch,Cisco,C9300-48UXM,99,,,,
phx-netmri-1,10.60.0.105,171704425,Salesforce_IT,tok5-axs-9b,Switch-Router,Cisco,C9300-48UXM,99,,,,
phx-netmri-1,10.60.0.103,171704423,Salesforce_IT,tok5-axs-8a,Switch-Router,Cisco,Cat9410R,99,,,,
phx-netmri-1,10.136.0.246,176685302,Salesforce_IT,PAR1-AXS-0-A,Switch-Router,Cisco,Cat9410R,99,,,,
phx-netmri-1,10.21.168.1,169191425,Salesforce_IT,ca3-dst-a,Switch-Router,Cisco,C9500-40X,99,,,,
phx-netmri-1,10.21.168.3,169191427,Salesforce_IT,ca3-axs-b,Switch-Router,Cisco,C9300-48UXM,99,,,,
phx-netmri-1,10.21.80.5,169168901,Salesforce_IT,iad5-axs-d,Switch-Router,Cisco,C9300-48UXM,99,,,,
phx-netmri-1,10.21.80.6,169168902,Salesforce_IT,iad5-axs-e,Switch-Router,Cisco,C9300-48UXM,99,,,,
phx-netmri-1,10.21.80.7,169168903,Salesforce_IT,iad5-axs-f,Switch-Router,Cisco,C9300-48UXM,99,,,,
phx-netmri-1,10.21.80.8,169168904,Salesforce_IT,iad5-axs-g,Switch-Router,Cisco,C9300-48UXM,99,,,,
phx-netmri-1,10.21.64.6,169164806,Salesforce_IT,iad4-axs-e,Switch-Router,Cisco,C9300-48UXM,99,,,,
phx-netmri-1,10.21.64.7,169164807,Salesforce_IT,iad4-axs-f,Switch-Router,Cisco,C9300-48UXM,99,,,,
phx-netmri-1,10.84.0.31,173277215,Salesforce_IT,atl1-axs-31,Switch-Router,Cisco,Cat9410R,99,,,,
phx-netmri-1,10.18.64.101,168968293,Salesforce_IT,iad6-axs-3,Switch-Router,Cisco,Cat9410R,99,,,,
phx-netmri-1,10.18.64.102,168968294,Salesforce_IT,iad6-axs-4,Switch-Router,Cisco,Cat9410R,99,,,,
phx-netmri-1,10.18.64.11,168968203,Salesforce_IT,iad6-dst-a,Switch-Router,Cisco,C9500-16X,99,,,,
phx-netmri-1,10.21.22.1,169154049,Salesforce_IT,was-dst-a,Switch-Router,Cisco,C9500-40X,99,,,,
phx-netmri-1,10.21.22.2,169154050,Salesforce_IT,was-axs-a,Switch-Router,Cisco,C9300-48UXM,99,,,,
phx-netmri-1,10.21.22.3,169154051,Salesforce_IT,was-axs-b,Switch-Router,Cisco,C9300-48UXM,99,,,,
phx-netmri-1,10.21.22.4,169154052,Salesforce_IT,was-axs-c,Switch-Router,Cisco,C9300-48UXM,99,,,,
phx-netmri-1,10.30.0.2,169738242,Salesforce_IT,ind4-srv-a,Switch-Router,Cisco,C9300-48UXM,99,,,,
phx-netmri-1,10.129.0.201,176226505,Salesforce_IT,fra3-axs-a,Switch-Router,Cisco,C9300-48UXM,99,,,,
phx-netmri-1,10.129.0.202,176226506,Salesforce_IT,fra3-axs-b,Switch-Router,Cisco,C9300-48UXM,99,,,,
phx-netmri-1,10.129.0.205,176226509,Salesforce_IT,fra3-axs-e,Switch-Router,Cisco,C9300-48UXM,99,,,,
phx-netmri-1,10.129.0.206,176226510,Salesforce_IT,fra3-axs-f,Switch-Router,Cisco,C9300-48UXM,99,,,,
phx-netmri-1,10.10.128.3,168460291,Salesforce_IT,gsoc-ts,Router,Cisco,ISR4321,99,,,,
phx-netmri-1,10.18.67.11,168968971,Salesforce_IT,iad6-wlc-a,Router,Cisco,C9800LFK9,99,,,,
phx-netmri-1,10.91.19.253,173741053,Salesforce_IT,nyc3-sic-axs-1,Switch,Cisco,C9300-48UXM,99,,,,
phx-netmri-1,10.76.0.104,172753000,Salesforce_IT,pao1-axs-1a,Switch-Router,Cisco,C9300-48UXM,99,,,,
phx-netmri-1,10.5.0.201,168100041,Salesforce_IT,phx3-axs-a,Switch-Router,Cisco,C9300-48UXM,99,,,,
phx-netmri-1,10.5.0.202,168100042,Salesforce_IT,phx3-axs-b,Switch-Router,Cisco,C9300-48UXM,99,,,,
phx-netmri-1,10.5.0.203,168100043,Salesforce_IT,phx3-axs-c,Switch-Router,Cisco,C9300-48UXM,99,,,,
phx-netmri-1,10.60.0.104,171704424,Salesforce_IT,tok5-axs-9a,Switch-Router,Cisco,Cat9410R,99,,,,
phx-netmri-1,10.60.190.250,171753210,Salesforce_IT,tok5-sic-axs-9,Switch,Cisco,C9300-48UXM,99,,,,
phx-netmri-1,10.60.190.249,171753209,Salesforce_IT,tok5-sic-axs-8,Switch,Cisco,C9300-48UXM,99,,,,
phx-netmri-1,10.144.0.255,177209599,Salesforce_IT,dub3a-ts,Router,Cisco,ISR4331,99,,,,
phx-netmri-1,10.144.0.253,177209597,Salesforce_IT,DUB3a-SRV-A,Switch-Router,Cisco,C9300-48UXM,99,,,,
phx-netmri-1,10.144.0.254,177209598,Salesforce_IT,dub3a-dst-a,Switch-Router,Cisco,C9500-24Q,99,,,,
phx-netmri-1,10.144.0.5,177209349,Salesforce_IT,dub3a-axs-2,Switch-Router,Cisco,Cat9410R,99,,,,
phx-netmri-1,10.144.0.1,177209345,Salesforce_IT,dub3a-axs-00,Switch-Router,Cisco,Cat9410R,99,,,,
phx-netmri-1,10.144.0.2,177209346,Salesforce_IT,dub3a-axs-01,Switch-Router,Cisco,Cat9410R,99,,,,
phx-netmri-1,10.144.0.3,177209347,Salesforce_IT,dub3a-axs-0,Switch-Router,Cisco,Cat9410R,99,,,,
phx-netmri-1,10.144.0.4,177209348,Salesforce_IT,dub3a-axs-1,Switch-Router,Cisco,Cat9410R,99,,,,
phx-netmri-1,10.144.0.6,177209350,Salesforce_IT,dub3a-axs-3a,Switch-Router,Cisco,Cat9410R,99,,,,
phx-netmri-1,10.144.0.7,177209351,Salesforce_IT,dub3a-axs-3b,Switch-Router,Cisco,Cat9410R,99,,,,
phx-netmri-1,10.144.0.8,177209352,Salesforce_IT,dub3a-axs-4a,Switch-Router,Cisco,Cat9410R,99,,,,
phx-netmri-1,10.144.0.9,177209353,Salesforce_IT,dub3a-axs-4b,Switch-Router,Cisco,Cat9410R,99,,,,
phx-netmri-1,10.144.0.10,177209354,Salesforce_IT,dub3a-axs-5,Switch-Router,Cisco,Cat9410R,99,,,,
phx-netmri-1,10.144.0.11,177209355,Salesforce_IT,dub3a-axs-6,Switch-Router,Cisco,Cat9410R,99,,,,
phx-netmri-1,10.144.0.12,177209356,Salesforce_IT,dub3a-axs-7-8,Switch-Router,Cisco,Cat9410R,99,,,,
phx-netmri-1,10.90.0.252,173670652,Salesforce_IT,sea6-dst-a,Switch-Router,Cisco,Cat9500VirtualStack,99,,,,
phx-netmri-1,10.90.0.255,173670655,Salesforce_IT,sea6-ts,Router,Cisco,ISR4331,99,,,,
phx-netmri-1,10.90.0.101,173670501,Salesforce_IT,sea6-axs-1a,Switch-Router,Cisco,cat4510rpluse,99,,,,
phx-netmri-1,10.90.0.102,173670502,Salesforce_IT,sea6-axs-1b,Switch-Router,Cisco,cat4510rpluse,99,,,,
phx-netmri-1,10.90.0.103,173670503,Salesforce_IT,sea6-axs-1c,Switch-Router,Cisco,cat4510rpluse,99,,,,
phx-netmri-1,10.90.0.104,173670504,Salesforce_IT,sea6-axs-1d,Switch-Router,Cisco,cat4510rpluse,99,,,,
phx-netmri-1,10.90.0.105,173670505,Salesforce_IT,sea6-axs-2a,Switch-Router,Cisco,cat4510rpluse,99,,,,
phx-netmri-1,10.90.0.106,173670506,Salesforce_IT,sea6-axs-2b,Switch-Router,Cisco,cat4510rpluse,99,,,,
phx-netmri-1,10.90.0.107,173670507,Salesforce_IT,sea6-axs-2c,Switch-Router,Cisco,cat4510rpluse,99,,,,
phx-netmri-1,10.90.0.108,173670508,Salesforce_IT,sea6-axs-2d,Switch-Router,Cisco,cat4510rpluse,99,,,,
phx-netmri-1,10.90.0.109,173670509,Salesforce_IT,sea6-axs-3a,Switch-Router,Cisco,cat4510rpluse,99,,,,
phx-netmri-1,10.90.0.110,173670510,Salesforce_IT,sea6-axs-3b,Switch-Router,Cisco,cat4510rpluse,99,,,,
phx-netmri-1,10.90.0.111,173670511,Salesforce_IT,sea6-axs-3c,Switch-Router,Cisco,cat4510rpluse,99,,,,
phx-netmri-1,10.90.0.112,173670512,Salesforce_IT,sea6-axs-3d,Switch-Router,Cisco,cat4510rpluse,99,,,,
phx-netmri-1,10.90.0.113,173670513,Salesforce_IT,sea6-axs-4a,Switch-Router,Cisco,cat4510rpluse,99,,,,
phx-netmri-1,10.90.0.114,173670514,Salesforce_IT,sea6-axs-4b,Switch-Router,Cisco,cat4510rpluse,99,,,,
phx-netmri-1,10.90.0.115,173670515,Salesforce_IT,sea6-axs-4c,Switch-Router,Cisco,cat4510rpluse,99,,,,
phx-netmri-1,10.90.0.116,173670516,Salesforce_IT,sea6-axs-4d,Switch-Router,Cisco,cat4510rpluse,99,,,,
phx-netmri-1,10.90.5.5,173671685,Salesforce_IT,sea6-srv-a,Switch,Cisco,C9300-48T,99,,,,
phx-netmri-1,10.21.170.1,169191937,Salesforce_IT,sea3-dst-a,Switch-Router,Cisco,C9500-40X,99,,,,
phx-netmri-1,10.21.170.3,169191939,Salesforce_IT,sea3-axs-b,Switch-Router,Cisco,C9300-48UXM,99,,,,
phx-netmri-1,10.21.170.4,169191940,Salesforce_IT,sea3-axs-c,Switch-Router,Cisco,C9300-48UXM,99,,,,
phx-netmri-1,10.129.0.203,176226507,Salesforce_IT,fra3-axs-c,Switch-Router,Cisco,C9300-48UXM,99,,,,
phx-netmri-1,10.129.0.204,176226508,Salesforce_IT,fra3-axs-d,Switch-Router,Cisco,C9300-48UXM,99,,,,
phx-netmri-1,10.129.0.208,176226512,Salesforce_IT,fra3-axs-h,Switch-Router,Cisco,C9300-48UXM,99,,,,
phx-netmri-1,10.129.0.209,176226513,Salesforce_IT,fra3-axs-i,Switch-Router,Cisco,C9300-48UXM,99,,,,
phx-netmri-1,10.21.16.3,169152515,Salesforce_IT,iad3-axs1,Switch-Router,Cisco,C9300-48UXM,99,,,,
phx-netmri-1,10.21.112.7,169177095,Salesforce_IT,CDG3-AXS-F,Switch-Router,Cisco,C9300-48UXM,99,,,,
phx-netmri-1,10.21.112.8,169177096,Salesforce_IT,CDG3-AXS-G,Switch-Router,Cisco,C9300-48UXM,99,,,,
phx-netmri-1,10.21.112.9,169177097,Salesforce_IT,CDG3-AXS-H,Switch-Router,Cisco,C9300-48UXM,99,,,,
phx-netmri-1,10.21.112.10,169177098,Salesforce_IT,CDG3-AXS-I,Switch-Router,Cisco,C9300-48UXM,99,,,,
phx-netmri-1,10.21.64.9,169164809,Salesforce_IT,iad4-axs-h,Switch-Router,Cisco,C9300-48UXM,99,,,,
phx-netmri-1,10.21.64.10,169164810,Salesforce_IT,iad4-axs-i,Switch-Router,Cisco,C9300-48UXM,99,,,,
phx-netmri-1,10.21.64.11,169164811,Salesforce_IT,iad4-axs-j,Switch-Router,Cisco,C9300-48UXM,99,,,,
phx-netmri-1,10.136.64.12,176701452,Salesforce_IT,MUC2-AXS-LAB,Switch-Router,Cisco,Cat9410R,99,,,,
phx-netmri-1,10.141.5.11,177014027,Salesforce_IT,CHI8-WLC-A,Router,Cisco,C980040K9,99,,,,
phx-netmri-1,10.21.24.1,169154561,Salesforce_IT,itm3-dst-a,Switch-Router,Cisco,C9500-40X,99,,,,
phx-netmri-1,10.21.24.2,169154562,Salesforce_IT,itm3-axs-a,Switch-Router,Cisco,C9300-48UXM,99,,,,
phx-netmri-1,10.21.24.3,169154563,Salesforce_IT,itm3-axs-b,Switch-Router,Cisco,C9300-48UXM,99,,,,
phx-netmri-1,10.21.24.4,169154564,Salesforce_IT,itm3-axs-c,Switch-Router,Cisco,C9300-48UXM,99,,,,
phx-netmri-1,10.76.96.11,172777483,Salesforce_IT,iad7-dst-a,Switch-Router,Cisco,C9500-16X,99,,,,
phx-netmri-1,10.76.96.104,172777576,Salesforce_IT,iad7-axs-4,Switch-Router,Cisco,Cat9410R,99,,,,
phx-netmri-1,10.76.96.15,172777487,Salesforce_IT,iad7-ts,Router,Cisco,ISR4321,99,,,,
phx-netmri-1,10.86.0.252,173408508,Salesforce_IT,tssea6-mdf1-crt-1,Switch-Router,Cisco,Cat9500VirtualStack,99,,,,
phx-netmri-1,10.88.128.101,173572197,Salesforce_IT,AUS1-AXS-2,Switch-Router,Cisco,Cat9410R,99,,,,
phx-netmri-1,10.88.128.105,173572201,Salesforce_IT,AUS1-AXS-18,Switch-Router,Cisco,Cat9410R,99,,,,
phx-netmri-1,10.88.128.106,173572202,Salesforce_IT,AUS1-AXS-3,Switch-Router,Cisco,Cat9410R,99,,,,
phx-netmri-1,10.88.128.252,173572348,Salesforce_IT,AUS1-DST-A,Switch-Router,Cisco,C9500-40X,99,,,,
phx-netmri-1,10.88.131.11,173572875,Salesforce_IT,AUS1-WLC-A,Router,Cisco,C9800LFK9,99,,,,
phx-netmri-1,10.88.224.101,173596773,Salesforce_IT,tsbos4-mdf1-art-1,Switch-Router,Cisco,Cat9410R,99,,,,
phx-netmri-1,10.88.224.31,173596703,Salesforce_IT,tsbos4-mdf1-drt-1,Switch-Router,Cisco,C9300-48T,99,,,,
phx-netmri-1,10.88.224.32,173596704,Salesforce_IT,tsbos4-mdf1-drt-2,Switch-Router,Cisco,C9300-48T,99,,,,
phx-netmri-1,10.21.28.3,169155587,Salesforce_IT,hnd3-axs-b,Switch-Router,Cisco,C9300-48UXM,99,,,,
phx-netmri-1,10.21.28.2,169155586,Salesforce_IT,hnd3-axs-a,Switch-Router,Cisco,C9300-48UXM,99,,,,
phx-netmri-1,10.21.28.1,169155585,Salesforce_IT,hnd3-dst-a,Switch-Router,Cisco,C9500-40X,99,,,,
phx-netmri-1,10.21.28.4,169155588,Salesforce_IT,hnd3-axs-c,Switch-Router,Cisco,C9300-48UXM,99,,,,
phx-netmri-1,10.141.0.254,177012990,Salesforce_IT,CHI8-DST-A,Switch-Router,Cisco,C9500-24Q,99,,,,
phx-netmri-1,10.141.0.253,177012989,Salesforce_IT,CHI8-SRV-A,Switch-Router,Cisco,C9300-48UXM,99,,,,
phx-netmri-1,10.141.0.255,177012991,Salesforce_IT,CHI8-TS,Router,Cisco,ISR4331,99,,,,
phx-netmri-1,10.141.0.108,177012844,Salesforce_IT,CHI8-AXS-8,Switch-Router,Cisco,Cat9410R,99,,,,
phx-netmri-1,10.141.0.107,177012843,Salesforce_IT,CHI8-AXS-7,Switch-Router,Cisco,Cat9410R,99,,,,
phx-netmri-1,10.141.0.101,177012837,Salesforce_IT,chi8-axs-b1,Switch-Router,Cisco,C9300-48UXM,99,,,,
phx-netmri-1,10.141.0.110,177012846,Salesforce_IT,CHI8-AXS-10,Switch-Router,Cisco,Cat9410R,99,,,,
phx-netmri-1,10.141.0.111,177012847,Salesforce_IT,CHI8-AXS-11,Switch-Router,Cisco,Cat9410R,99,,,,
phx-netmri-1,10.141.0.112,177012848,Salesforce_IT,CHI8-AXS-12,Switch-Router,Cisco,Cat9410R,99,,,,
phx-netmri-1,10.141.0.113,177012849,Salesforce_IT,CHI8-AXS-13,Switch-Router,Cisco,Cat9410R,99,,,,
phx-netmri-1,10.141.0.114,177012850,Salesforce_IT,CHI8-AXS-14,Switch-Router,Cisco,Cat9410R,99,,,,
phx-netmri-1,10.141.0.115,177012851,Salesforce_IT,CHI8-AXS-15,Switch-Router,Cisco,Cat9410R,99,,,,
phx-netmri-1,10.141.0.116,177012852,Salesforce_IT,CHI8-AXS-16,Switch-Router,Cisco,Cat9410R,99,,,,
phx-netmri-1,10.141.0.117,177012853,Salesforce_IT,CHI8-AXS-17,Switch-Router,Cisco,Cat9410R,99,,,,
phx-netmri-1,10.90.0.118,173670518,Salesforce_IT,sea6-axs-1e,Switch-Router,Cisco,C9300-48T,99,,,,
phx-netmri-1,10.84.0.30,173277214,Salesforce_IT,atl1-axs-30,Switch-Router,Cisco,Cat9410R,99,,,,
phx-netmri-1,10.76.99.11,172778251,Salesforce_IT,iad7-wlc-a,Router,Cisco,C9800LFK9,99,,,,
phx-netmri-1,10.18.64.12,168968204,Salesforce_IT,iad6-ts,Router,Cisco,ISR4321,99,,,,
phx-netmri-1,10.192.11.39,180357927,Salesforce_IT,bom1-vgr-a,Router,Cisco,ISR4431,99,,,,
phx-netmri-1,10.192.11.40,180357928,Salesforce_IT,bom1-vgr-b,Router,Cisco,ISR4431,99,,,,
phx-netmri-1,10.6.0.57,168165433,Salesforce_IT,sfo8-axs-15b,Switch-Router,Cisco,Cat9410R,99,,,,
phx-netmri-1,10.144.0.13,177209357,Salesforce_IT,DUB3a-AXS-LAB,Switch-Router,Cisco,Cat9410R,99,,,,
phx-netmri-1,10.9.5.8,168363272,Salesforce_IT,lab-ts2,Router,Cisco,2811,99,,,,
phx-netmri-1,10.21.26.1,169155073,Salesforce_IT,ca2-dst-a,Switch-Router,Cisco,C9500-40X,99,,,,
phx-netmri-1,10.21.26.2,169155074,Salesforce_IT,ca2-axs-b,Switch-Router,Cisco,C9300-48UXM,99,,,,
phx-netmri-1,10.21.144.4,169185284,Salesforce_IT,las-axs-c,Switch-Router,Cisco,C9300-48UXM,99,,,,
phx-netmri-1,10.151.0.254,177668350,Salesforce_IT,syd4-dst-a,Switch-Router,Cisco,C9500-24Q,99,,,,
phx-netmri-1,10.151.0.253,177668349,Salesforce_IT,syd4-srv-a,Switch-Router,Cisco,C9300-48UXM,99,,,,
phx-netmri-1,10.151.0.255,177668351,Salesforce_IT,syd4-ts,Router,Cisco,ISR4331,99,,,,
phx-netmri-1,10.151.5.11,177669387,Salesforce_IT,syd4-wlc-a,Router,Cisco,C980040K9,99,,,,
phx-netmri-1,10.151.0.138,177668234,Salesforce_IT,syd4-axs-38,Switch-Router,Cisco,Cat9410R,99,,,,
phx-netmri-1,10.151.0.139,177668235,Salesforce_IT,syd4-axs-39,Switch-Router,Cisco,Cat9410R,99,,,,
phx-netmri-1,10.151.0.140,177668236,Salesforce_IT,syd4-axs-40,Switch-Router,Cisco,Cat9410R,99,,,,
phx-netmri-1,10.151.0.141,177668237,Salesforce_IT,syd4-axs-41,Switch-Router,Cisco,Cat9410R,99,,,,
phx-netmri-1,10.151.0.142,177668238,Salesforce_IT,syd4-axs-42,Switch-Router,Cisco,Cat9410R,99,,,,
phx-netmri-1,10.151.0.143,177668239,Salesforce_IT,syd4-axs-43,Switch-Router,Cisco,Cat9410R,99,,,,
phx-netmri-1,10.151.0.144,177668240,Salesforce_IT,syd4-axs-44,Switch-Router,Cisco,Cat9410R,99,,,,
phx-netmri-1,10.151.0.148,177668244,Salesforce_IT,syd4-axs-48,Switch-Router,Cisco,Cat9410R,99,,,,
phx-netmri-1,10.151.0.149,177668245,Salesforce_IT,syd4-axs-49,Switch-Router,Cisco,Cat9410R,99,,,,
phx-netmri-1,10.151.0.150,177668246,Salesforce_IT,syd4-axs-50,Switch-Router,Cisco,Cat9410R,99,,,,
phx-netmri-1,10.151.0.151,177668247,Salesforce_IT,syd4-axs-51,Switch-Router,Cisco,Cat9410R,99,,,,
phx-netmri-1,10.151.0.152,177668248,Salesforce_IT,syd4-axs-52,Switch-Router,Cisco,Cat9410R,99,,,,
phx-netmri-1,10.88.128.255,173572351,Salesforce_IT,aus1-ts,Router,Cisco,ISR4321,99,,,,
phx-netmri-1,10.21.178.1,169193985,Salesforce_IT,ARN1-SXS-A,Switch-Router,Cisco,C9300-48UXM,99,,,,
phx-netmri-1,10.151.190.11,177716747,Salesforce_IT,syd4-sic-wlc-a,Router,Cisco,C9800LFK9,99,,,,
phx-netmri-1,10.206.0.12,181272588,Salesforce_IT,hyd2-axs-17a,Switch-Router,Cisco,Cat9410R,99,,,,
phx-netmri-1,10.206.0.13,181272589,Salesforce_IT,hyd2-axs-18a,Switch-Router,Cisco,Cat9410R,99,,,,
phx-netmri-1,10.144.0.40,177209384,Salesforce_IT,DUB6-AXS-3,Switch-Router,Cisco,Cat9410R,99,,,,
phx-netmri-1,10.144.0.41,177209385,Salesforce_IT,DUB6-AXS-LG,Switch-Router,Cisco,Cat9410R,99,,,,
phx-netmri-1,10.21.174.1,169192961,Salesforce_IT,ARN3-DST-A,Switch-Router,Cisco,C9500-40X,99,,,,
phx-netmri-1,10.21.174.2,169192962,Salesforce_IT,ARN3-AXS-A,Switch-Router,Cisco,C9300-48UXM,99,,,,
phx-netmri-1,10.21.174.3,169192963,Salesforce_IT,ARN3-AXS-B,Switch-Router,Cisco,C9300-48UXM,99,,,,
phx-netmri-1,10.21.174.4,169192964,Salesforce_IT,ARN3-AXS-C,Switch-Router,Cisco,C9300-48UXM,99,,,,
phx-netmri-1,10.21.174.5,169192965,Salesforce_IT,ARN3-AXS-D,Switch-Router,Cisco,C9300-48UXM,99,,,,
phx-netmri-1,10.21.174.6,169192966,Salesforce_IT,ARN3-AXS-E,Switch-Router,Cisco,C9300-48UXM,99,,,,
phx-netmri-1,10.21.174.7,169192967,Salesforce_IT,ARN3-AXS-F,Switch-Router,Cisco,C9300-48UXM,99,,,,
phx-netmri-1,10.6.2.20,168165908,Salesforce_IT,SFO8-WLC-A_INT.nw.corp,Switch,Cisco,C9300-48UXM,99,,,,
phx-netmri-1,10.192.204.220,180407516,Salesforce_IT,bom1-vsbc-a,Router,Cisco,C8000V,99,,,,
phx-netmri-1,10.192.204.221,180407517,Salesforce_IT,bom1-vsbc-b,Router,Cisco,C8000V,99,,,,
phx-netmri-1,10.151.32.1,177676289,Salesforce_IT,SYD4-axs-L1-B2,Switch-Router,Cisco,C9300-48UXM,99,,,,
phx-netmri-1,10.151.190.254,177716990,Salesforce_IT,syd4-sic-dst-a,Switch-Router,Cisco,C9500-40X,99,,,,
phx-netmri-1,10.141.37.1,177022209,Salesforce_IT,chi8-axs-56,Switch-Router,Cisco,Cat9410R,99,,,,
phx-netmri-1,10.6.82.250,168186618,Salesforce_IT,sfo8-sic-axs-45,Switch,Cisco,C9300-48UXM,99,,,,
phx-netmri-1,10.84.1.50,173277490,Salesforce_IT,atl1-axs-32,Switch-Router,Cisco,Cat9410R,99,,,,
phx-netmri-1,10.76.96.103,172777575,Salesforce_IT,iad7-axs-3,Switch-Router,Cisco,Cat9410R,99,,,,
phx-netmri-1,10.141.190.246,177061622,Salesforce_IT,chi8-sic-axs-b1,Switch-Router,Cisco,C9300-48UXM,99,,,,
phx-netmri-1,10.141.190.249,177061625,Salesforce_IT,chi8-sic-axs-57,Switch-Router,Cisco,C9300-48UXM,99,,,,
phx-netmri-1,10.141.190.248,177061624,Salesforce_IT,chi8-sic-axs-56,Switch-Router,Cisco,C9300-48UXM,99,,,,
phx-netmri-1,10.141.190.247,177061623,Salesforce_IT,chi8-sic-axs-55,Switch-Router,Cisco,C9300-48UXM,99,,,,
phx-netmri-1,10.141.190.11,177061387,Salesforce_IT,chi8-sic-wlc-a,Router,Cisco,C9800LFK9,99,,,,
phx-netmri-1,10.21.172.1,169192449,Salesforce_IT,AMS2-SXS-A,Switch-Router,Cisco,C9300-48UXM,99,,,,
phx-netmri-1,10.74.64.16,172638224,Salesforce_IT,dfw2-axs-15b,Switch-Router,Cisco,C9300-48UXM,99,,,,
phx-netmri-1,10.21.176.1,169193473,Salesforce_IT,AMS3-DST-A,Switch-Router,Cisco,C9500-40X,99,,,,
phx-netmri-1,10.21.176.4,169193476,Salesforce_IT,AMS3-AXS-C,Switch-Router,Cisco,C9300-48UXM,99,,,,
phx-netmri-1,10.21.176.5,169193477,Salesforce_IT,AMS3-AXS-D,Switch-Router,Cisco,C9300-48UXM,99,,,,
phx-netmri-1,10.116.0.254,175374590,Salesforce_IT,gru1-dst-a,Switch-Router,Cisco,C9500-40X,99,,,,
phx-netmri-1,10.116.0.255,175374591,Salesforce_IT,gru1-ts,Router,Cisco,ISR4321,99,,,,
phx-netmri-1,10.116.0.253,175374589,Salesforce_IT,gru1-vgr-a,Router,Cisco,ISR4431,99,,,,
phx-netmri-1,10.116.0.252,175374588,Salesforce_IT,gru1-vgr-b,Router,Cisco,ISR4431,99,,,,
phx-netmri-1,10.116.0.1,175374337,Salesforce_IT,gru1-axs-14,Switch-Router,Cisco,cat4510rpluse,99,,,,
phx-netmri-1,10.116.0.3,175374339,Salesforce_IT,gru1-axs-14b,Switch-Router,Cisco,WS-C3850-12X48U-S,99,,,,
phx-netmri-1,10.116.0.2,175374338,Salesforce_IT,gru1-axs-15,Switch-Router,Cisco,Cat9410R,99,,,,
phx-netmri-1,10.21.200.2,169199618,Salesforce_IT,itm4-axs-a,Switch-Router,Cisco,C9300-48UXM,99,,,,
phx-netmri-1,10.151.190.38,177716774,Salesforce_IT,syd4-sic-axs-38,Switch-Router,Cisco,C9300-48UXM,99,,,,
phx-netmri-1,10.151.190.39,177716775,Salesforce_IT,syd4-sic-axs-39,Switch-Router,Cisco,C9300-48UXM,99,,,,
phx-netmri-1,10.151.190.50,177716786,Salesforce_IT,syd4-sic-axs-50,Switch-Router,Cisco,C9300-48UXM,99,,,,
phx-netmri-1,10.151.190.51,177716787,Salesforce_IT,syd4-sic-axs-51,Switch-Router,Cisco,C9300-48UXM,99,,,,
phx-netmri-1,10.151.190.52,177716788,Salesforce_IT,syd4-sic-axs-52,Switch-Router,Cisco,C9300-48UXM,99,,,,
phx-netmri-1,10.151.190.246,177716982,Salesforce_IT,syd4-sic-axs-b2,Switch-Router,Cisco,C9300-48UXM,99,,,,
phx-netmri-1,10.6.2.21,168165909,Salesforce_IT,sfo8-ts,Router,Cisco,ISR4331,99,,,,
phx-netmri-1,10.89.128.252,173637884,Salesforce_IT,sea7-dst-a,Switch-Router,Cisco,C9500-40X,99,,,,
phx-netmri-1,10.89.128.101,173637733,Salesforce_IT,sea7-axs-2,Switch-Router,Cisco,Cat9410R,99,,,,
phx-netmri-1,10.89.128.102,173637734,Salesforce_IT,sea7-axs-3,Switch-Router,Cisco,Cat9410R,99,,,,
phx-netmri-1,10.89.128.103,173637735,Salesforce_IT,sea7-axs-4,Switch-Router,Cisco,Cat9410R,99,,,,
phx-netmri-1,10.89.128.104,173637736,Salesforce_IT,sea7-axs-5,Switch-Router,Cisco,Cat9410R,99,,,,
phx-netmri-1,10.89.128.255,173637887,Salesforce_IT,sea7-ts,Router,Cisco,ISR4331,99,,,,
phx-netmri-1,10.21.192.1,169197569,Salesforce_IT,hnd4-dst-a,Switch-Router,Cisco,C9500-40X,99,,,,
phx-netmri-1,10.21.192.2,169197570,Salesforce_IT,hnd4-axs-a,Switch-Router,Cisco,C9300-48UXM,99,,,,
phx-netmri-1,10.21.192.3,169197571,Salesforce_IT,hnd4-axs-b,Switch-Router,Cisco,C9300-48UXM,99,,,,
phx-netmri-1,10.21.192.4,169197572,Salesforce_IT,hnd4-axs-c,Switch-Router,Cisco,C9300-48UXM,99,,,,
phx-netmri-1,10.21.192.5,169197573,Salesforce_IT,hnd4-axs-d,Switch-Router,Cisco,C9300-48UXM,99,,,,
phx-netmri-1,10.21.192.6,169197574,Salesforce_IT,hnd4-axs-e,Switch-Router,Cisco,C9300-48UXM,99,,,,
phx-netmri-1,10.21.184.1,169195521,Salesforce_IT,iad8-dst-a,Switch-Router,Cisco,C9500-40X,99,,,,
phx-netmri-1,10.21.184.2,169195522,Salesforce_IT,iad8-axs-a,Switch-Router,Cisco,C9300-48UXM,99,,,,
phx-netmri-1,10.21.184.3,169195523,Salesforce_IT,iad8-axs-b,Switch-Router,Cisco,C9300-48UXM,99,,,,
phx-netmri-1,10.21.30.0,169156096,Salesforce_IT,mad1-cdst-a,Switch-Router,Cisco,C9300-48UXM,99,,,,
phx-netmri-1,10.21.30.1,169156097,Salesforce_IT,mad1-ts,Router,Cisco,ISR4321,99,,,,
phx-netmri-1,10.143.0.1,177143809,Salesforce_IT,lon4-axs-8,Switch-Router,Cisco,Cat9410R,99,,,,
phx-netmri-1,10.204.128.251,181174523,Salesforce_IT,hyd1-srv-a,Switch-Router,Cisco,C9300-48UXM,99,,,,
phx-netmri-1,10.89.64.252,173621500,Salesforce_IT,dca1-dst-a,Switch-Router,Cisco,C9500-16X,99,,,,
phx-netmri-1,10.89.64.255,173621503,Salesforce_IT,dca1-ts,Router,Cisco,ISR4321,99,,,,
phx-netmri-1,10.89.64.101,173621349,Salesforce_IT,dca1-axs-4,Switch-Router,Cisco,Cat9410R,99,,,,
phx-netmri-1,10.89.64.102,173621350,Salesforce_IT,dca1-axs-4b,Switch-Router,Cisco,Cat9410R,99,,,,
phx-netmri-1,10.89.32.101,173613157,Salesforce_IT,sea2-axs-1a,Switch-Router,Cisco,Cat9410R,99,,,,
phx-netmri-1,10.89.32.102,173613158,Salesforce_IT,sea2-axs-1b,Switch-Router,Cisco,Cat9410R,99,,,,
phx-netmri-1,10.89.32.252,173613308,Salesforce_IT,sea2-dst-a,Switch-Router,Cisco,C9500-40X,99,,,,
phx-netmri-1,10.143.0.2,177143810,Salesforce_IT,lon4-axs-8b,Switch-Router,Cisco,Cat9410R,99,,,,
phx-netmri-1,10.143.0.254,177144062,Salesforce_IT,lon4-dst-a,Switch-Router,Cisco,C9500-40X,99,,,,
phx-netmri-1,10.143.17.11,177148171,Salesforce_IT,lon4-wlc-a,Router,Cisco,C9800LFK9,99,,,,
phx-netmri-1,10.21.200.3,169199619,Salesforce_IT,itm4-axs-b,Switch-Router,Cisco,C9300-48UXM,99,,,,
phx-netmri-1,10.21.200.4,169199620,Salesforce_IT,itm4-axs-c,Switch-Router,Cisco,C9300-48UXM,99,,,,
phx-netmri-1,10.21.200.5,169199621,Salesforce_IT,itm4-axs-d,Switch-Router,Cisco,C9300-48UXM,99,,,,
phx-netmri-1,10.21.200.6,169199622,Salesforce_IT,itm4-axs-e,Switch-Router,Cisco,C9300-48UXM,99,,,,
phx-netmri-1,10.3.96.254,167993598,Salesforce_IT,akl1-dst-a,Switch-Router,Cisco,C9500-16X,99,,,,
phx-netmri-1,10.3.96.101,167993445,Salesforce_IT,akl1-axs-12,Switch-Router,Cisco,C9300-48UXM,99,,,,
phx-netmri-1,10.3.98.15,167993871,Salesforce_IT,akl1-ts,Router,Cisco,ISR4321,99,,,,
phx-netmri-1,10.3.98.11,167993867,Salesforce_IT,akl1-wlc-a,Router,Cisco,C9800LFK9,99,,,,
phx-netmri-1,10.150.224.11,177659915,Salesforce_IT,fra4-dst-a,Switch-Router,Cisco,C9500-16X,99,,,,
phx-netmri-1,10.150.224.254,177660158,Salesforce_IT,fra4-ts,Router,Cisco,ISR4321,99,,,,
phx-netmri-1,10.150.224.101,177660005,Salesforce_IT,fra4-axs-5,Switch-Router,Cisco,Cat9410R,99,,,,
phx-netmri-1,10.150.224.102,177660006,Salesforce_IT,fra4-axs-6,Switch-Router,Cisco,Cat9410R,99,,,,
phx-netmri-1,10.150.224.103,177660007,Salesforce_IT,fra4-axs-1,Switch-Router,Cisco,Cat9410R,99,,,,
phx-netmri-1,10.150.227.11,177660683,Salesforce_IT,fra4-wlc-a,Router,Cisco,C9800LFK9,99,,,,
phx-netmri-1,10.21.200.1,169199617,Salesforce_IT,itm4-dst-a,Switch-Router,Cisco,C9500-40X,99,,,,
phx-netmri-1,10.143.0.255,177144063,Salesforce_IT,lon4-ts,Router,Cisco,ISR4321,99,,,,
